Japanese,English,Note
同日　午後１２時１３分 地方裁判所　第２法廷,"April 11, 12:13 PM District Court Courtroom No. 2",gs3_002.txt
それでは、審理を再開しましょう。 亜内検事、証人を呼んでください。,"Court will now reconvene. Mr. Payne, please call your witness.",gs3_002.txt
それでは、現場で 事件の瞬間を目撃した証人‥‥,This next person is someone who witnessed the crime as it happened.,gs3_002.txt
美柳　ちなみさんを 入廷させてください！,The prosecution calls Ms. Dahlia Hawthorne to the stand!,gs3_002.txt
（な、なによ、この ミョーなチンモクは‥‥）,(Wh-What's with this stiff silence...?),gs3_002.txt
‥‥長い裁判人生、さまざまな 証人にダマされてきました。,"In my long career as a judge, I have been deceived by many witnesses.",gs3_002.txt
もう二度と、ダレも信用しない。 ‥‥そう決めていたのですが‥‥,It's my job to doubt; to take no one at their word...,gs3_002.txt
この証人のコトバなら！ 私、なんでも信じられそうです。,"But in your case, I must admit that you radiate a glow of complete sincerity.",gs3_002.txt
（バカなコト言わないでよ！）,(I can't believe he actually said that!),gs3_002.txt
あ。では証人。 名前をおねがいできますかな？,"Oh! Um, now then, witness. Could you please state your full name?",gs3_002.txt
‥‥‥‥あ、あの。わたし‥‥,"I, umm...",gs3_002.txt
ああ、大丈夫ですよ。 おびえる必要はありません！,"Don't worry, sweetie. There's no need to be nervous!",gs3_002.txt
シツレイなことを言うヤツには、 私がカツンと言ってやりますぞ！,"If anyone says anything rude, you can be sure, I'll cut them right down to size!",gs3_002.txt
私も、この木槌でカツンと！,And I will bash them with my gavel!,gs3_002.txt
（ふたりとも、まっすぐ私を 見つめて言い切ったわ‥‥）,(I love how they look straight at me when they say that...),gs3_002.txt
あの‥‥わたし、とても ほっとしておりますの。,"Um, thank you... for calming my nerves.",gs3_002.txt
みなさん‥‥とっても親切で、 あたたかな方ばかりなんですもの。,You are all so nice... I almost feel right at home.,gs3_002.txt
いやいや！,Not at all!,gs3_002.txt
なんのなんの！,It was nothing!,gs3_002.txt
それで‥‥ケッキョク、 名前と職業は？,If we may move on now... What is your full name and occupation?,gs3_002.txt
‥‥お名前は、美柳　ちなみと 申しますわ。,My name is Dahlia Hawthorne.,gs3_002.txt
勇盟大学の、文学部３回生ですの。,I'm a junior in Literature at Ivy University.,gs3_002.txt
ふつつか者ですが‥‥なにとぞ、 よろしくおねがいいたしますね。,I just want to say... It's an honor for me to be here in your noble presence.,gs3_002.txt
こちらこそ！,The honor is all mine!,gs3_002.txt
よろしくおねがいしますぞ！,No... The honor is all mine.,gs3_002.txt
（やれやれ‥‥ね）,"(Well, we know whose milkshake brings all the boys to the yard...)",gs3_002.txt
‥‥あの。おじさまがた？,...Umm. Sir?,gs3_002.txt
む。オジサマのことですかな？,Is there something I can help you with?,gs3_002.txt
このオジサマに、なんでも 言ってごらんなさい！,You just go on and say whatever is on your mind!,gs3_002.txt
きっと‥‥どこかに、大きな マチガイがあるのだと思いますわ。,I'm sure that there must be some kind of mistake.,gs3_002.txt
リュウちゃん、ひとごろしなんて ‥‥いたしませんもの。,Feenie wouldn't kill anyone. I just know it!,gs3_002.txt
うむうむ。 そうでしょうそうでしょう。,"Yes, yes... I can see why you'd say that.",gs3_002.txt
（ホント、やっかいな証人ね‥‥）,"(She's going to be a tough witness, alright...)",gs3_002.txt
（オジサンたちを、たった１２秒で 味方につけちゃったわ）,(It only took her 12 seconds to wrap them all around her little finger.),gs3_002.txt
それでは、証言を おねがいしましょう。,"Now then, please proceed with your testimony.",gs3_002.txt
事件当日、おじょうさんが 目撃したことを。,"Let's hear about what you witnessed on the day of the incident, if you please.",gs3_002.txt
～目撃したこと～,-- What I Witnessed --,gs3_002.txt
授業が終わって、リュウちゃんの もとへ参ろうと思いましたの。,I had been planning to go back to Feenie's place after class was over.,gs3_002.txt
裏庭で、リュウちゃんが‥‥ ノンちゃんと、お話ししてました。,Feenie and Dougie... They were talking behind the building.,gs3_002.txt
そうしたら‥‥急に、ノンちゃんが おヨロめきになって‥‥お倒れに。,Then suddenly... Dougie got all wobbly and just collapsed.,gs3_002.txt
そのとき、リュウちゃんも わたしに気がついて。,That's when Feenie noticed that I was there.,gs3_002.txt
わたし、学生さんを呼びに行って ‥‥通報していただきました。,I went to go and find some other students and they called the authorities.,gs3_002.txt
‥‥な‥‥なんですか、これは！ この証言によると‥‥,"I-I don't know what to say! According to you, Ms. Hawthorne...",gs3_002.txt
被告人は、何もしていないでは ないですか！,...the defendant didn't do anything wrong!,gs3_002.txt
‥‥おじょうさん。,Young lady.,gs3_002.txt
コイビトを想うアツぅい気持ちは この私にも、おぼえがありますぞ。,"As old as I am, even I recall how hot the flames of young passion can burn.",gs3_002.txt
しかし‥‥ワレワレは、真実を 見つけなければなりません。,Nevertheless... It is my job to discover the truth.,gs3_002.txt
どうか、正直にホントのコトを‥‥,"Please, tell us the truth...",gs3_002.txt
え。え。‥‥でも、 わたし、そんな。ウソなんて‥‥,"But... But, I... I would never...",gs3_002.txt
‥‥もうじゅうぶんです。証人。,"That's more than enough, witness. I won't allow this to continue.",gs3_002.txt
ど、どういうことですかな？,Wh-What do you mean by that?,gs3_002.txt
とにかく、尋問をさせてください。,"Please, just let me proceed with my cross-examination, Your Honor.",gs3_002.txt
ヤワなウソで、無罪を 勝ち取るつもりはありませんから。,"I, for one, don't plan to win my case on a bunch of paper-thin lies!",gs3_002.txt
‥‥‥‥‥‥ふふふ。 あいかわらず、ですのね。,...Tee hee. You haven't changed a bit...,gs3_002.txt
綾里　千尋さん。,Mia Fey.,gs3_002.txt
お、オヤ。‥‥おふたりは 知り合いだったのですか‥‥？,"What's this? So, you two are... acquainted?",gs3_002.txt
ええ。 ‥‥以前、ちょっと‥‥。,Yes. We've met before... Once.,gs3_002.txt
とにかく、弁護人。 ‥‥あなたにお任せしましょう。,"In any case, Ms. Fey, the floor is all yours.",gs3_002.txt
よろしくおねがいしますね。 ‥‥おばさま。,"It's good to see you again, Madame Fey!",gs3_002.txt
ダレがオバサマよっ！,"""Madame""!? (I'm no one's grandma yet, girlie!)",gs3_002.txt
～目撃したこと～,-- What I Witnessed --,gs3_002.txt
授業が終わって、リュウちゃんの もとへ参ろうと思いましたの。,I had been planning to go back to Feenie's place after class was over.,gs3_002.txt
裏庭で、リュウちゃんが‥‥ ノンちゃんと、お話ししてました。,Feenie and Dougie... They were talking behind the building.,gs3_002.txt
そうしたら‥‥急に、ノンちゃんが おヨロめきになって‥‥お倒れに。,Then suddenly... Dougie got all wobbly and just collapsed.,gs3_002.txt
そのとき、リュウちゃんも わたしに気がついて。,That's when Feenie noticed that I was there.,gs3_002.txt
わたし、学生さんを呼びに行って ‥‥通報していただきました。,I went to go and find some other students and they called the authorities.,gs3_002.txt
（あの子‥‥ワザとミエミエの ウソをついている）,"(That girl... She's telling a super obvious lie, and she knows it.)",gs3_002.txt
（そう。なるほどくんを “守るフリ”をするために‥‥）,(She's just pretending to protect Mr. Wright...),gs3_002.txt
（‥‥いいわね、千尋！）,"(Yes, that's got to be it! Way to go, Mia!)",gs3_002.txt
（見抜くべきは、そのウラにある、 “ホントのムジュン”‥‥！）,"(OK, that means I'm going to have to dig deep to find the contradiction on this one!)",gs3_002.txt
あの。わたし‥‥つきとばした 瞬間は、見ておりませんの。,"Um, actually, I didn't see the moment he pushed Dougie.",gs3_002.txt
争っているように見えなかったし、 なんの物音もしませんでしたから。,"It didn't look like they were fighting, and I didn't hear any noise either.",gs3_002.txt
リュウちゃ‥‥なるほどくんは、 たしか、芸術学部でしたね。,"Now, unless I'm mistaken, Feenie -- I mean, Mr. Wright is in the Art Department.",gs3_002.txt
それなのに‥‥なぜ、薬学部の 裏庭を通りかかったのかしら？,"If that's the case, then what were you doing by the Pharmacology building?",gs3_002.txt
あの‥‥わたし、文学部で川柳を お勉強してるんですけれど。,Well... I'm in the Literature Department. I'm studying Japanese Senryu poetry.,gs3_002.txt
ほおほお。いいですなあ、川柳。,"Oho hoh! How wonderful! It's that humorous, yet satirical style of haiku, yes?",gs3_002.txt
『上がらない　ウダツこづかい 肩アタマ』‥‥のような。,"""Nothing left to do... When a man reaches this age, sleep is his best friend.""",gs3_002.txt
（中年のボヤキじゃない！）,(That's supposed to be poetry? Sounds more like a mid-life crisis!),gs3_002.txt
芸術学部の校舎へ行こうとすると、 あの裏庭を通ることになるんです。,"For me to get to the Art Department, I have to walk through that back area.",gs3_002.txt
ふむふむ、なるほど。,"Ah, yes I see. That makes sense.",gs3_002.txt
私も、法廷に来るときはいつも、 裁判所の入り口を通りますからな。,"When I want to enter the courthouse, I always walk through the front doors.",gs3_002.txt
（アタリマエでしょ！）,(How else would you enter? Teleportation!?),gs3_002.txt
“ノンちゃん”というのは、 やっぱり‥‥？,"So who is this ""Dougie"" person?",gs3_002.txt
ええ。呑田　菊三さん。 半年前まで、おつきあいを‥‥,"Oh, I'm sorry. Doug Swallow. We were dating until about eight months ago...",gs3_002.txt
ノンちゃ‥‥呑田さんは なるほどくんと、どんなハナシを？,So what were Dougie-- *ahem* Mr. Swallow and Mr. Wright talking about anyway?,gs3_002.txt
ひ、ヒドいですわ！,H-How can you be so mean?,gs3_002.txt
わたし‥‥ヒトさまのハナシを 盗み聞きするような‥‥,I would never... I would never eavesdrop...,gs3_002.txt
そんな、はしたない子じゃ ありませんのよ！,I wasn't raised to be so rude and unrefined!,gs3_002.txt
そうですぞ、弁護人！,"That's right, Ms. Fey!",gs3_002.txt
あなたといっしょに しないように！,Don't drag the witness down to your level!,gs3_002.txt
（うぐぐぐ‥‥）,(Why am I being demonized here?),gs3_002.txt
そして‥‥そのあと、あなたは ナニを見たのですかな？,"Please, go on. What did you see next?",gs3_002.txt
被害者が‥‥自分で勝手に 倒れたというのですか？,Are you saying that the victim just collapsed on his own?,gs3_002.txt
え‥‥ええ。,Y-Yes.,gs3_002.txt
被告人は、被害者に触れてもいない ‥‥そういうことかしら？,"In other words, the defendant never touched the victim. Is that right?",gs3_002.txt
わたし‥‥拝見してましたから。 リュウちゃんは、何もしてません！,I was watching the whole time. Feenie never did a thing to Dougie!,gs3_002.txt
（イミもなくゆさぶったら、 まちがいなく怒られるわね‥‥）,"(If I press her for no good reason, I just know the judge will get angry with me...)",gs3_002.txt
（‥‥どうかしら？　今の証言は）,"(Hmm, so what should I do about her testimony just now?)",gs3_002.txt
（そうね‥‥どちらかといえば、 私たちに有利な証言だし‥‥）,"(Hmm... I suppose her statement works in our favor, for now.)",gs3_002.txt
（深く追求するのは とりあえず、やめましょう）,(I'll hold off on looking into it any deeper until it's necessary.),gs3_002.txt
それでは、おじょうさん。 証言をつづけてくださいな。,"Very well, young lady, please go on with your testimony.",gs3_002.txt
‥‥見えすいたウソは やめてもらおうかしら。,"Feeble lies are not very becoming, Ms. Hawthorne, so let's drop them, shall we?",gs3_002.txt
え‥‥！　‥‥そ、 そんな。わたし‥‥,Wh-What...! I...! I would never...!,gs3_002.txt
弁護人！　この証人をイジめると、 ショウチしませんぞ！,Ms. Fey! I will not allow you to badger this witness!,gs3_002.txt
い、異議があるのなら、 まず‥‥コンキョをですな。,I-I believe the defense is engaged in a-a... fishing expedition.,gs3_002.txt
コンキョを、その‥‥,That is... Err... She has no supporting...,gs3_002.txt
そそそ、そんなに 見つめないでいただきたいッ！,P-Please don't glare at me like that...! I-I'm just doing my job!,gs3_002.txt
いいかしら、ちなみさん。,"Now then, Ms. Hawthorne.",gs3_002.txt
呑田さんの革ジャケットには、 被告人の指紋が残っていたのよ。,The defendant's palmprint was found on Mr. Swallow's leather jacket.,gs3_002.txt
なるほどくんがつきとばしたのは、 すでに立証されているの。,"It has already been shown that Mr. Wright did, in fact, push the victim.",gs3_002.txt
え‥‥,What...?,gs3_002.txt
‥‥ムリに被告人を かばうことはないわ。,There's no need to try to cover for the defendant.,gs3_002.txt
それより‥‥真実を 証言してもらいたいわね。,It would be much better if you came out and told us the whole truth.,gs3_002.txt
ふむう‥‥,Hmm...,gs3_002.txt
大丈夫ですから、 真実をぶちまけてごらんなさい。,"There's nothing to worry about, young lady. Just tell us everything that you saw.",gs3_002.txt
は、はい‥‥わかりました。 証言を、変えさせていただきます。,"Y-Yes, Your Honor... I-I will. If you don't mind, I-I'd like to revise my testimony.",gs3_002.txt
（これで‥‥どうやら 一歩前進ね、千尋‥‥）,(Looks like we're finally getting somewhere...),gs3_002.txt
そのとき、なるほどくんと どんな会話を？,And what did Mr. Wright say when he saw you?,gs3_002.txt
すみません。わたし‥‥ホントに とりみだしてしまって。,I-I'm sorry. I-I was so flustered that I...,gs3_002.txt
よく、おぼえておりませんの。 本当に、もうしわけございません。,I really don't remember. P-Please forgive me.,gs3_002.txt
おぼえていない‥‥？,You don't remember...?,gs3_002.txt
ふむふむ。よくあるコトですな。,"Well, that's common enough.",gs3_002.txt
私も、さっき下した判決を おぼえてないコトがありますぞ！,Sometimes I can't recall a sentence I passed only minutes prior!,gs3_002.txt
（‥‥おねがい。だれか、 あのおジイさんを止めて‥‥）,"(Please... Someone, anyone... Stop him before he gets hurt... by me.)",gs3_002.txt
“学生さん”というのは、 薬学部の‥‥？,"When you say ""students"", do you mean students from the Pharmacology Department?",gs3_002.txt
はい。みなさん、とても おクスリ好きな方たちで‥‥,Yes. They're all very fond of their drugs...,gs3_002.txt
それはカンケイないでしょう！,Please try to stay on topic!,gs3_002.txt
薬学部の学生、というと‥‥ 研究室に呼びに行ったのかしら？,"So to find some Pharmacology students, you went to the labs, correct?",gs3_002.txt
そのつもりだったのですけれど‥‥ ケッキョク、行きませんでしたわ。,"That's what I was planning to do... But in the end, I wound up not going.",gs3_002.txt
校舎の入り口で、１０人ぐらいの 研究グループの方が走ってきて。,A group of about 10 research students came running out of the building entrance.,gs3_002.txt
どうやらみなさん、事件のコトを 知っていらっしゃったような‥‥,Somehow they all seemed to know what was going on...,gs3_002.txt
（‥‥学生たちが、 事件を知っていた‥‥？）,(The students knew what was going on...?),gs3_002.txt
（薬学部の学生‥‥ 事件には関係ないわ）,(The Pharmacology students... They have nothing to do with the incident.),gs3_002.txt
（もっと、彼女自身の情報を 引き出したほうがいいわね）,(I think what I need is more information about Dahlia herself.),gs3_002.txt
その学生たちは、 どうして事件のコトを‥‥？,But how could the students have known what was going on?,gs3_002.txt
あの‥‥あの方たちが本当に事件を 知っていたのかは、わかりません。,Well... I don't know for sure that they knew what had happened.,gs3_002.txt
ただ‥‥みなさん、血相を お変えになっていたから‥‥。,"It's just, they all seemed kind of excited about something.",gs3_002.txt
（どうやら‥‥学生たちに関して、 これ以上の情報はないみたいね）,(Hmm... It doesn't look like I'm going to get any more info about the students.),gs3_002.txt
警察への通報は、彼らが？,So did the students call the police?,gs3_002.txt
え、ええ。わたし、もう‥‥ おムネがドキドキしてしまって。,Y-Yes. I-I was just so... I was so panicked...,gs3_002.txt
ふむふむ。そうでしょう。 おムネがねえ。,"Hmm. Yes, well anyone would have been, my dear.",gs3_002.txt
“見ていない”‥‥？,You didn't see it!?,gs3_002.txt
ノンちゃんが、お倒れになった ところは拝見しましたけれど。,"Well, I saw the moment when Dougie fell to the ground...",gs3_002.txt
そのとき、現場には ふたりしかいなかったのですな？,"And at that time, there was only the two of them at the scene?",gs3_002.txt
成歩堂　龍一と、 被害者の呑田　菊三と。,"The defendant, Phoenix Wright, and the victim, Doug Swallow?",gs3_002.txt
それは‥‥はい。 おっしゃるとおりです。,Yes... that's right.,gs3_002.txt
じゃあ‥‥あなたには どう見えたのかしら？,"So then, what did it look like they were doing to you?",gs3_002.txt
それはなごやかに、午後の会話を 楽しんでいらっしゃるのかと。,"I thought they were having a nice, friendly afternoon conversation.",gs3_002.txt
（そんなワケないでしょっ！）,"(Oh, give me a break!)",gs3_002.txt
だからわたし、おふたりを ちゃんと見ていなかったんです。,That's why I really wasn't watching them all that closely.,gs3_002.txt
ほかに何か、変わったことは なかったのですかな？,Did you notice anything out of the ordinary at all?,gs3_002.txt
ありませんでしたの。 おじさま‥‥。,"No, nothing at all... Mr. Judge.",gs3_002.txt
うんうん。いいヒビキですねえ ‥‥オジサマ。,"Oh, I like the sound of that! ""Mr. Judge""...",gs3_002.txt
では、証言をつづけてください。,"Now then, please proceed with your testimony.",gs3_002.txt
“なんの物音もしなかった”‥‥ そう言いましたね？,You say you didn't hear any noise. Is that correct?,gs3_002.txt
はい。だから安心して、 よそ見をしておりましたの。,"Yes. That's why I was very relaxed, looking at the scenery around me.",gs3_002.txt
‥‥それはおかしいのよ。,"That's nice, but I find that just a little odd.",gs3_002.txt
ここに、あなたのコイビト 成歩堂　龍一の証言書があるわ。,"I have here, the testimony of your boyfriend, Mr. Phoenix Wright.",gs3_002.txt
彼は、ハッキリ こう証言しています。,And he clearly testified to the effect...,gs3_002.txt
『被害者をつきとばした瞬間、 鋭く大きな音がした』と。,"...that when he pushed the victim, he heard a sharp, loud noise.",gs3_002.txt
大きな‥‥“音”‥‥,H-He said that?,gs3_002.txt
近くにいたあなたが、なぜ‥‥ この音を聞いていないのかしら？,"If you were really that close to the two of them, why didn't you hear this noise as well?",gs3_002.txt
え‥‥ I...!,,gs3_002.txt
そ、そんな音など、印象に 残らなかったかもしれませんぞ！,"W-Well, maybe the noise just wasn't all that memorable.",gs3_002.txt
なるほどくんの証言によれば、 “バチッ”という鋭い音でした。,"But according to Mr. Wright's testimony, it was a sharp noise like a ""SNAP""!",gs3_002.txt
印象に残らないハズはありません！,There's no way a noise like that could fail to make an impression!,gs3_002.txt
ぎゃうッ！,Ack!!,gs3_002.txt
‥‥あの‥‥ お待ちいただけますかしら。,Umm... May I have a moment to answer?,gs3_002.txt
ム！　なんですかな！,B-By all means!,gs3_002.txt
わたしが音を聞いていないのは‥‥ ちゃんと、理由がありますの。,I know the reason why I didn't hear the noise.,gs3_002.txt
じつは、わたし‥‥,"You see, the truth is...",gs3_002.txt
ヘッドフォンで お歌を聞いていたんです。,"I had my headphones on, and I was listening to music at the time.",gs3_002.txt
へ、ヘッドフォン‥‥ 両耳がふさがっていたワケですか？,H-H-Headphones...? You mean that both of your ears were covered?,gs3_002.txt
あのとき、雨は やみかけていたんですけれど‥‥,The rain was just beginning to let up...,gs3_002.txt
カミナリさまが、お暴れに なっていたんです。,But it seemed as though Thor wasn't ready for his fun to come to an end yet.,gs3_002.txt
‥‥ごろごろごろ、って。,So the sky continued to flash and rumble.,gs3_002.txt
カミナリさま‥‥？,"Thunder and lightning, huh...",gs3_002.txt
わたし、カミナリさまが ニガテなんです。,"Yes, I'm afraid of the sound of thunder.",gs3_002.txt
だから、 それが聞こえないように、って‥‥,So I put my headphones on to block it out...,gs3_002.txt
うふふふふふ‥‥ いかがですかな、裁判長。,"Hee, hee, hee, hee... Well, Your Honor?",gs3_002.txt
証人の証言には、これで ムジュンはなくなりましたぞ！,"As you can see, there weren't any contradictions in her testimony after all.",gs3_002.txt
ふむう‥‥,Hmm...,gs3_002.txt
（ちょっと待って、千尋！ 今の証言には‥‥）,"(Wait a sec, Mia! That testimony just now...)",gs3_002.txt
（事件の流れをひっくり返すような 重大なポイントがあったわ！）,(She said something that could totally change this whole case!),gs3_002.txt
裁判長！　証人の証言には １つ、問題があります！,Your Honor! There is a problem with the witness's testimony!,gs3_002.txt
な、なんですと！,Wh-What do you mean!?,gs3_002.txt
い、いったいそれは‥‥？,"Wh-What is this ""problem""!?",gs3_002.txt
もちろん‥‥証人が“バチッ”と いう音を、聞かなかったコトです！,"It's obvious. The problem is that the witness claims to have not heard the ""SNAP!""",gs3_002.txt
なな、ナニを聞いていたのですか！,A-Are you deaf!? Did you pay attention to the testimony!?,gs3_002.txt
その理由は説明されたでしょう！ “ヘッドフォンで歌を聞いていた”,She said she didn't hear it because she was listening to music with her headphones!,gs3_002.txt
‥‥弁護人。 私より先にボケないように。,Ms. Fey! I'm surprised you're going senile before me!,gs3_002.txt
（しまった‥‥）,(I'm not THAT bad! ...I think.),gs3_002.txt
裁判長！　証人の証言には １つ、問題があります！,Your Honor! There is a problem with the witness's testimony!,gs3_002.txt
な、なんですと！,Wh-What do you mean!?,gs3_002.txt
い、いったいそれは‥‥？,"Wh-What is this ""problem""!?",gs3_002.txt
もちろん‥‥証人が お歌を聞いていたコトです！,It's obvious. The problem is that she claims to have been listening to music!,gs3_002.txt
なな、ナニを聞いていたのですか！,A-Are you deaf!? Did you pay attention to the testimony!?,gs3_002.txt
その理由は説明されたでしょう！ “カミナリがコワかった”,She explained she was listening to music to cover up the sound of thunder!,gs3_002.txt
‥‥弁護人。 私のカミナリもコワいですぞ！,Ms. Fey! I must warn you that I can be even more frightening than Zeus when I'm angry!,gs3_002.txt
（しまった‥‥）,(Yikes! I'm in trouble now!),gs3_002.txt
今の証言で‥‥どうやら 結論が出てしまったようですな。,"Well, the testimony we've just heard seems to be very decisive.",gs3_002.txt
被害者を殺害できたのは ‥‥やはり、被告人しかいない！,"The only one that could have killed the victim was the defendant, Mr. Phoenix Wright!",gs3_002.txt
そ、そんな‥‥わたし、 そんなつもりでは‥‥！,N-No! Please...! I-I never meant to incriminate him!,gs3_002.txt
（だ、ダメよ千尋！ 終わっちゃうじゃない、裁判！）,"(This is bad, Mia! If you don't do something, we're going to lose this!!)",gs3_002.txt
（もう一度、考えて！ 今の証言には‥‥）,(Think again! What is it about this testimony that doesn't make sense...?),gs3_002.txt
裁判長！　証人の証言には １つ、問題があります！,Your Honor! There is a problem with the witness's testimony!,gs3_002.txt
な、なんですと！,Wh-What do you mean!?,gs3_002.txt
気になりませんか？ ‥‥“カミナリ”ですよ？,"Didn't you notice? She said there was lightning, correct?",gs3_002.txt
それが、どうかしましたか？,Yes... What about it?,gs3_002.txt
“カミナリ”って、 じつは電気なんですよ？,"Well, lightning is actually a large discharge of electricity in the atmosphere, am I right?",gs3_002.txt
それぐらい知っていますッ！,"Now's not the time for a science lesson, Ms. Fey!",gs3_002.txt
被害者の死因は“感電”。 まず考えられるのが‥‥,"Yes, Your Honor. Anyway, since the cause of death was electrocution...",gs3_002.txt
“落雷”じゃないですか！,...isn't it possible that the victim died from being hit by a bolt of lightning!?,gs3_002.txt
‥‥あッ！,Oh!,gs3_002.txt
‥‥おッ！,Ah!,gs3_002.txt
‥‥‥‥！,,gs3_002.txt
ううむ‥‥さすがの私も、 そこまでは気づきませんでした！,Hmm... I must admit that the thought had not occurred to me!,gs3_002.txt
（‥‥どこまでなら 気づけるって言うのよ‥‥）,(Just what kind of thoughts DO occur to this guy anyway?),gs3_002.txt
‥‥呑田　菊三が “殺害された”‥‥,"This entire case is built on the premise that Mr. Doug Swallow was ""murdered""...",gs3_002.txt
そもそも、その前提が まちがっていた！,...but that very premise itself is mistaken!,gs3_002.txt
被害者は‥‥落雷による “事故”で死んだのですっ！,"The defense believes that Mr. Swallow was, in fact, the victim of a stray bolt!",gs3_002.txt
た‥‥たしかに、 弁護人の言うとおりのようです！,I-It appears the defense may be on to something!,gs3_002.txt
まさか、この被害者が‥‥ 事故死だったとはッ！,Could it be that the death was actually accidental?,gs3_002.txt
（や‥‥やったわ！　千尋！）,"(Alright, you did it, Mia!)",gs3_002.txt
（これで、無罪判決はイタダキ‥‥,"(I'll be taking that ""Not Guilty"" now if you don't--)",gs3_002.txt
‥‥うふふふふふふふふふ‥‥,"Hee, hee, hee, hee, hee...",gs3_002.txt
ワレワレを ナメてもらっては困りますなあ。,"I'm hurt that you have such a low opinion of me, Ms. Fey.",gs3_002.txt
‥‥？,Huh...?,gs3_002.txt
検察側は、そこまでバカじゃない。 気象報告は調べましたよ。,"I'm not a fool, you know. The prosecution has done its research, Your Honor.",gs3_002.txt
事件当日‥‥。現場付近に 落雷はありませんでした！,We found that there were no lightning strikes on that day at that location!,gs3_002.txt
ええええッ！,Whaaa!?,gs3_002.txt
それに‥‥,What's more...,gs3_002.txt
この送電線が、事件に関係している という証拠もあるのです。,We have evidence that the electrical cable is definitely linked to this case.,gs3_002.txt
亜内検事！ そ、それはいったい‥‥？,"E-Evidence, Mr. Payne!? Well, what is this evidence?",gs3_002.txt
‥‥この、証言書です。,This affidavit.,gs3_002.txt
“証言書”‥‥ですか。 いったい、どなたの？,And who is this affidavit from?,gs3_002.txt
事件当時、薬学部の研究室で 実験をしていた学生たちです。,The Pharmacology students who were conducting experiments in their labs that day.,gs3_002.txt
彼らは、こう証言しております。 “あの日の午後３時ごろ”‥‥,Allow me to read out to the court the testimony of the Pharmacology students.,gs3_002.txt
“いきなり、すべての実験機器が 停止してしまった”‥‥と！,"""All equipment in the labs lost power all of a sudden at around 3:00 PM that day.""",gs3_002.txt
‥‥停電、ですか‥‥,Was it a blackout?,gs3_002.txt
薬学部の実験機器は、高圧電流を 使用するものばかりでした。,"All of the labs' equipment runs on high-voltage, Your Honor.",gs3_002.txt
もしかして‥‥、 それらの実験機器の電力は‥‥？,So you're saying the equipment lost power because...,gs3_002.txt
さよう。この、切れた電線によって まかなわれていたのですよ。,Precisely. They lost power because of the severed electrical cable.,gs3_002.txt
そして、その実験機器が止まった 時刻は、午後３時ごろ‥‥,The power outage occurred at approximately 3:00 PM...,gs3_002.txt
解剖記録の死亡推定時刻と、 ピッタリ一致しますな。,Which fits with the time of death listed in the autopsy report.,gs3_002.txt
そのとおり！　つまり‥‥,Exactly! In other words...,gs3_002.txt
被害者は、この切れた送電線に 触れて、ショック死したのです！,The victim died as a result of touching the severed electrical cable.,gs3_002.txt
学生たちによれば、この送電線は そうとう古くなっていて‥‥,"According to the students, the cables were very old.",gs3_002.txt
近いうちに、改修の工事が 予定されていたそうです。,They were planning on having them replaced in the near future.,gs3_002.txt
そうだったのですか‥‥,"Hmm, I see...",gs3_002.txt
何か少しでもショックがあれば、 いつでも切れる状態にあった‥‥,Apparently the cables had become so brittle...,gs3_002.txt
そう考えていいようです。,...that even the smallest bump would've caused them to break.,gs3_002.txt
《学生たちの証言書》のデータを 法廷記録にファイルした。,Students' Testimony added to the Court Record.,gs3_002.txt
しかし‥‥そうなると、 気になることがあります。,However... There is one thing that troubles me.,gs3_002.txt
“送電線は、少しのショックで 切れる状態だった”‥‥つまり、,If the cable could have been broken by any small bump...,gs3_002.txt
“ショックがなければ、送電線は 切れなかった”ということです。,"...then it wouldn't have snapped if it hadn't been bumped into, correct?",gs3_002.txt
ま、まあ‥‥たしかに、 それはそうですな。,W-Well... I suppose you could say that.,gs3_002.txt
‥‥弁護人。いかがですか。,"Hmm, Ms. Fey.",gs3_002.txt
送電線が切れた原因について、 何か、考えはありますかな？,Do you have any thoughts regarding the cause of the severed cable?,gs3_002.txt
は、はい‥‥,Y-Your Honor...,gs3_002.txt
（今‥‥こっちの状況は、 かなり不利だわ）,(I don't like how this is looking one bit!),gs3_002.txt
（反撃するためには‥‥ ここで何か、しかけないと！）,(I have to come up with something to try to regain some momentum!),gs3_002.txt
わかりました。弁護側の 考えを言わせていただきます。,"If it pleases the court, the defense would like to state its opinion.",gs3_002.txt
それでは、 提示していただきましょう！,"Well then, let's hear it.",gs3_002.txt
なぜ送電線が切れたか‥‥ “ショック”の原因を作ったのは？,Who or what was it that caused the cable to break?,gs3_002.txt
‥‥これこそが、 電線がプッツリ切れた理由です！,This is it! This is why the cable snapped.,gs3_002.txt
裁判長、いかがですかな？,"Well, Your Honor?",gs3_002.txt
‥‥プッツリ切れたのは、 弁護人の生命線、のようですな。,I believe that the only thing that has snapped is the mind of the defense.,gs3_002.txt
さすが裁判長どの。 ウマいことをおっしゃる。,"Ah, that was one of your best lines yet, Your Honor.",gs3_002.txt
う‥‥ッ！ （くく、クヤシイ‥‥）,"Nnnfff...! (Ouch, that was harsh...)",gs3_002.txt
も、もう一度、 おねがいします！,"Please, Your Honor! Give me one more chance!",gs3_002.txt
裁判長。‥‥なるほどくんの 証言を思い出してください。,Your Honor. Please think back to Mr. Wright's testimony.,gs3_002.txt
被告人、ですか‥‥？,The defendant's testimony?,gs3_002.txt
彼は、被害者をつきとばしたとき、 大きな鋭い音を聞いています。,"He said that after he pushed the victim, he heard a loud, sharp noise.",gs3_002.txt
“バチッ”という音を。 それは、午後３時ごろでした。,"Now, this happened at around 3:00 PM, correct?",gs3_002.txt
たしかに、そうでしたな。 ‥‥ま、まさか‥‥！,"Yes, that sounds right. Wait! Are you saying that...",gs3_002.txt
実験機器が停止した時刻が２時 ５５分。‥‥証言とも一致します。,The lab equipment lost power at 2:55 PM... which fits right in Mr. Wright's timeline.,gs3_002.txt
送電線を切ったのは‥‥ なるほどくんの一撃だったのです。,"In other words, it was Mr. Wright's shove that caused the power outage.",gs3_002.txt
さよう！ それは、検察側も同意見ですな。,Yes! The prosecution also came to that same conclusion.,gs3_002.txt
そして、被告人の一撃で、 呑田くんは感電死した！,And it was that very shove that caused Mr. Swallow to be electrocuted!,gs3_002.txt
そうはいきません。,"I'm afraid I can't agree with you there, Mr. Payne.",gs3_002.txt
な‥‥なんですと？,Wh-What's that supposed to mean?,gs3_002.txt
なるほどくんが、呑田さんを つきとばした“場所”は‥‥,Take a good look at where the victim landed after being shoved.,gs3_002.txt
カサが落ちている地点。 ‥‥つまり、電柱のあたりです。,See the umbrella? It's by the electrical pole.,gs3_002.txt
‥‥そう。つきとばされた 被害者は、この電柱に激突した。,That's right. The victim banged into that pole as a result of being pushed.,gs3_002.txt
そのときのショックで‥‥ 送電線が切れたのです。,It was that impact that caused the cable to break.,gs3_002.txt
ふむう‥‥。それならば、 カンゼンにスジはとおりますな。,"Hmm... Well, that makes sense. And then the victim was electrocuted.",gs3_002.txt
おコトバですが‥‥ まったく、スジはとおりません。,"I'm sorry Your Honor, but no. It doesn't make sense at all.",gs3_002.txt
被害者が、奥の電柱に向かって つきとばされたのならば‥‥,If the victim was shoved into the far pole...,gs3_002.txt
この切れた送電線で、被害者が 感電できるハズがありません！,...then he couldn't have been electrocuted by this severed cable in the foreground here!,gs3_002.txt
なぎゃあああああああああああッ！,AAAAAAAAAAHH!!,gs3_002.txt
‥‥つまり！,In other words...,gs3_002.txt
被害者を感電死させたのは、 別の人物ということになるのです！,Someone other than my client must have electrocuted the victim!,gs3_002.txt
せ‥‥静粛に！　静粛にいいッ！,Order! Order in the court!,gs3_002.txt
（ああ。敵の悲鳴って‥‥なんて 心地よく、ムネにヒビくの！）,"(Ah, the lamentations of my enemy. How I've longed to hear them!)",gs3_002.txt
た、たしかに‥‥弁護人の主張は、 反論の余地がありません！,It-It's true... The defense is absolutely correct!,gs3_002.txt
被告人が、呑田　菊三くんを 殺害できるはずが‥‥,There doesn't seem to be any way the defendant could have done it--,gs3_002.txt
あの‥‥おじさま？ よろしいかしら。,"Umm... Mr. Judge, sir? May I say something?",gs3_002.txt
今の、おばさまの説明‥‥,The madame attorney's explanation...,gs3_002.txt
わたしが拝見しましたものと 少々、ちがっているのですけれど。,She said some things that are a little different than I remember them.,gs3_002.txt
な‥‥,Wh-Wh-,gs3_002.txt
な‥‥,Wh-Wh-,gs3_002.txt
なんですってえぇっ！,What the...!?,gs3_002.txt
‥‥もう一度だけ。,"Please, just once more.",gs3_002.txt
証言させていただけませんの？ ‥‥おじさま‥‥,May I please testify one last time? Please... Mr. Judge?,gs3_002.txt
モチロン、けっこうです！,Of course it's alright!,gs3_002.txt
サッソクもう一度、 証言していただきましょう！,Just go right ahead and give your new testimony!,gs3_002.txt
（‥‥どうやら‥‥）,(This is it...),gs3_002.txt
（本性をあらわしてきたようね！）,(She's finally starting to show her true colors!),gs3_002.txt
～目撃したこと・２～,"-- What I Witnessed, Part 2 --",gs3_002.txt
リュウちゃんは‥‥２回、 おつきとばしになったのです。,The truth is... Feenie pushed him twice.,gs3_002.txt
１回目、電柱にぶつけられて‥‥ 送電線が、お切れになりました。,The first time was into the electrical pole. That's when the cable broke.,gs3_002.txt
それで、ノンちゃんは必死に お逃げになろうとしたのですが‥‥,Then Dougie tried his best to run away from him...,gs3_002.txt
リュウちゃんは、すぐに追いかけて 背中から、そっと体当たりを。,But Feenie caught up and crashed into him from behind.,gs3_002.txt
送電線が切れてから、お感電まで、 １分もたっておりませんでしたわ。,"The cable snapping, and Dougie being electrocuted -- it all occured in less than a minute.",gs3_002.txt
ふむう‥‥。被告人に つきとばされた被害者は‥‥,Hmm... So after being shoved...,gs3_002.txt
起き上がって、送電線のほうへ 逃げたわけですか。,...the victim got up and tried to run away.,gs3_002.txt
‥‥そこを、ふたたび 被告人に倒された。,And that is when the defendant pushed him for the second time.,gs3_002.txt
リュウちゃんには悪いけど‥‥ ホントのコトを言わなきゃ、って。,"I'm so sorry, Feenie... But I... I just have to tell the truth.",gs3_002.txt
これでよろしいのですよね？ ‥‥おじさま。,"Am I doing the right thing? Am I, Mr. Judge?",gs3_002.txt
いやはや。マッタクもって、 そのとおりです！,"Of course you are, my dear! As painful as it may seem, you are.",gs3_002.txt
それでは、弁護人。 尋問をおねがいしましょう！,"Now then, Ms. Fey. You may proceed with your cross-examination!",gs3_002.txt
～目撃したこと・２～,"-- What I Witnessed, Part 2 --",gs3_002.txt
リュウちゃんは‥‥２回、 おつきとばしになったのです。,The truth is... Feenie pushed him twice.,gs3_002.txt
１回目、電柱にぶつけられて‥‥ 送電線が、お切れになりました。,The first time was into the electrical pole. That's when the cable broke.,gs3_002.txt
それで、ノンちゃんは必死に お逃げになろうとしたのですが‥‥,Then Dougie tried his best to run away from him...,gs3_002.txt
リュウちゃんは、すぐに追いかけて 背中から、そっと体当たりを。,But Feenie caught up and crashed into him from behind.,gs3_002.txt
送電線が切れてから、お感電まで、 １分もたっておりませんでしたわ。,"The cable snapping, and Dougie being electrocuted -- it all occured in less than a minute.",gs3_002.txt
（ここで決定的なムジュンを 見つけないと‥‥）,(If I don't figure out the contradiction here...),gs3_002.txt
（まちがいなく、おしまいよ！）,(...it's all over!),gs3_002.txt
（あの子にも、ウソを考える時間は ほとんどなかったはず）,"(She didn't have much time to come up with her lie, so this is my best chance.)",gs3_002.txt
（どこかに必ず、 穴があるわ‥‥千尋！）,"(There must be a hole in her testimony somewhere! Think, Mia!)",gs3_002.txt
証人。‥‥あなたはさっき、 こう証言したはずよ。,Ms. Hawthorne... Previously in your testimony you said the following...,gs3_002.txt
“つきとばした瞬間は見ていない” ‥‥って。,"""Actually, I didn't see the moment he pushed Dougie.""",gs3_002.txt
ごめんなさい。わたし‥‥ リュウちゃんを守らなきゃ、って。,I know... I-I'm sorry. I wanted to protect Feenie.,gs3_002.txt
だから、ウソをついたと いうワケかしら？,So that's why you basically lied to the court?,gs3_002.txt
ちなみ、いけない子でした。 ‥‥あの、おじさま？,"I was a bad girl... I know... Um, Mr. Judge?",gs3_002.txt
ム！　なんですかな？,Y-Yes?,gs3_002.txt
こんなちなみを‥‥ ユルしてはいただけませんの？,"Would you please, please forgive little old me?",gs3_002.txt
アタリマエですっ！　あなたが したことは“偽証”といって‥‥,"Of course he won't! What you did is called ""perjury""...",gs3_002.txt
いやいや！　オジサマはいつだって あなたの味方ですぞ！,"Oh, come now! It was just a little old white lie!",gs3_002.txt
今回だけは、サービスしましょう！ 次から、気をつけるように。,"We'll forget it this time! But please be more careful from now on, alright?",gs3_002.txt
まあ、ウレシイ‥‥ ありがとう、おじさまっ。,"Oh, thank you so much, Mr. Judge.",gs3_002.txt
なんのなんの。ほっほっほっ。,Not at all! Ho ho ho...!,gs3_002.txt
（‥‥裁判長。暗い夜道には 気をつけるコトね‥‥）,(The judge had better be more careful himself! A dark alley is friendlier than that girl!),gs3_002.txt
被害者が電柱にぶつかった‥‥ それを目撃したのかしら？,You're saying you actually saw the victim get pushed into the electrical pole?,gs3_002.txt
リュウちゃんって、ああ見えて 意外にワンパクですのよ。,"I know he doesn't look it, but Feenie can be a bit of an imp when he wants to be.",gs3_002.txt
（ワンパク‥‥）,"(Oh, really...?)",gs3_002.txt
でも、まさか送電線が お切れになるなんて‥‥。,But I never imagined that he would cause an electrical cable to break...,gs3_002.txt
リュウちゃんって、ホント やんちゃボウズさんですよね。,Feenie really is scary when he gets mad...,gs3_002.txt
まったく、困った やんちゃボウズさんですな。,"Yes, he sounds like a very dangerous individual indeed.",gs3_002.txt
そんな光景を 目にしていながら‥‥,So let me get this straight.,gs3_002.txt
あなたは、ヘッドフォンで お歌を聞いていたワケですか？,You were happily listening to music on your headphones while you watched this scene unfold?,gs3_002.txt
え‥‥‥‥,Waaaaah...,gs3_002.txt
弁護人！　あてこすりは やめていただきたいですな！,Ms. Fey! I'll have to ask you to stop badgering the witness!,gs3_002.txt
あの‥‥わたし、コワくて すくんでしまったんです。,Umm... I wasn't happy... I was so scared that I couldn't even move.,gs3_002.txt
ココロの中で、おふたりを 応援することしかできなくて。,All I could do was stand there and cheer them on...,gs3_002.txt
お、おうえん‥‥？,Ch-Cheer them on? What do you mean by that?,gs3_002.txt
‥‥はい。 “どちらもファイト！”‥‥って。,"Well, I wished the best for them both, and that they would each give the fight their all.",gs3_002.txt
ふむう‥‥。いじらしい おとめゴコロ、というヤツですな。,Hmm... That's very sweet of you to be so supportive.,gs3_002.txt
それで‥‥そのあと、 どうなりましたかな？,And what happened after that?,gs3_002.txt
‥‥それは、おかしいですね。,That doesn't sound quite right...,gs3_002.txt
被害者のジャケットのムネには、 たしかに、手の跡が残っています。,There were handprints found on the chest of the victim's leather jacket.,gs3_002.txt
亜内検事。ジャケットの背中にも、 なるほどくんの指紋が‥‥？,"Mr. Payne, were there also prints found on the back of his leather jacket?",gs3_002.txt
そ、それは‥‥ 残っていませんが‥‥,"W-Well, um... N-No, there weren't...",gs3_002.txt
おばさま。ちなみのハナシ、 よく聞いていただけますかしら？,"Madame Fey, may I suggest that you listen a little more carefully?",gs3_002.txt
‥‥！,,gs3_002.txt
リュウちゃんは“体当たり” なさったのですよ？,"I said that he ""crashed"" into him from behind, right?",gs3_002.txt
指紋なんて、お残りになるはず、 ありませんでしょう？,"My Feenie wouldn't leave any prints behind in that case, would he?",gs3_002.txt
う‥‥‥‥,Unngghh...,gs3_002.txt
あなたは‥‥被害者が感電死する 瞬間を目撃したわけですか？,Did you actually witness the moment the victim was electrocuted?,gs3_002.txt
スミマセン。わたし‥‥ 拝見していないのです。,I-I'm sorry. I didn't actually see it.,gs3_002.txt
‥‥思わず、 目をそむけてしまって‥‥,I... I turned my eyes away...,gs3_002.txt
‥‥ムリもありませんな。,That's understandable.,gs3_002.txt
ふむう‥‥。きっと、かなり ビリビリ来たんでしょうなあ。,Yes indeed. It would have been a horrific sight for anyone to behold.,gs3_002.txt
‥‥もうケッコウです、証人。,"That's enough, witness.",gs3_002.txt
え‥‥,I'm afraid I don't understand...,gs3_002.txt
‥‥この写真を 見てもらえるかしら。,You will in a minute. Could you please take a look at this picture?,gs3_002.txt
あ。このおクスリ、 リュウちゃんがご愛飲していた‥‥,Oh. That medicine... That's the one Feenie likes to take for his cold.,gs3_002.txt
ここで重要なのは、 薬ビンではありません。,It's not the medicine I want you to look at...,gs3_002.txt
‥‥ダイジなのは、 腕時計のほうなんです。,It's the wristwatch.,gs3_002.txt
この時計は、被害者が感電死した 時間に止まりました。,It stopped at the precise time the victim was electrocuted.,gs3_002.txt
つまり‥‥３時５分。 それが、感電の時間になります。,In other words... 3:05 PM.,gs3_002.txt
そのとおりですが‥‥,"Yes, and your point is, Ms. Fey...?",gs3_002.txt
しかし！　思い出してください。,My point is this!,gs3_002.txt
“送電線が切れた”のは‥‥ いったい、何時だったか‥‥？,What time was it when the lab suffered that power outage due to the cable snapping?,gs3_002.txt
それは‥‥学生たちの証言で アキラカです。,"Well, according to the students' testimony, the answer is clear.",gs3_002.txt
午後２時５５分‥‥ あああああッ！,It was 2:55 PM... Yeeaaaaaaarrrgghhh!!,gs3_002.txt
‥‥説明してもらえるかしら、 美柳　ちなみさん‥‥,"Would you care to explain to the court, Ms. Dahlia Hawthorne...",gs3_002.txt
この、１０分間の《空白の時間》は いったい、なんなのか！,...what exactly happened during this 10 minute interval!?,gs3_002.txt
‥‥‥‥‥‥‥！,,gs3_002.txt
‥‥弁護側は主張します！,The defense proposes that...,gs3_002.txt
被害者を死に追いやった 真犯人は、他にいたのです！,...it was during this interval that the real murderer killed Mr. Doug Swallow!,gs3_002.txt
せ、静粛に！　静粛に！ これはいったい‥‥,Or-Order! Order in the court! What is this all ab--,gs3_002.txt
で‥‥デタラメだッ！ し、“真犯人”などと‥‥！,"Th-This is nonsense! The ""real murderer""...!?",gs3_002.txt
送電線が切れてから、被害者が 殺害されるまで、約１０分間！,Even you can't deny that the time between the cable break- ing and the electrocution...,gs3_002.txt
‥‥空白の時間が存在するのは ジジツです！,...are completely unaccounted for!,gs3_002.txt
いったい、ダレが！　被告人の 他に、ダレにできたと言うのです！,Th-Then who was it!? Who else are you saying could've done it!?,gs3_002.txt
たったひとりだけ‥‥ 存在するじゃないですか。,There's only one person who could have murdered Mr. Swallow.,gs3_002.txt
被告人が呑田さんをつきとばして 現場を立ち去ったあと‥‥,Only after my client had left the scene...,gs3_002.txt
彼を殺害できた人物が！,...was there a window of opportunity for the real killer!,gs3_002.txt
‥‥弁護人。あなたは、 だれかを告発するつもりですか？,Ms. Fey.,gs3_002.txt
‥‥真犯人として！,"Is the defense ready to indict someone as this ""real killer""?",gs3_002.txt
（いよいよ‥‥）,(It's finally time.),gs3_002.txt
（いよいよ、 この時が来たわね‥‥千尋！）,(This is the moment I've been waiting for.),gs3_002.txt
はい。そのつもりです。,"Yes, Your Honor. We are ready.",gs3_002.txt
よろしい、うかがいましょう。 ‥‥ただし！,Very well. But remember!,gs3_002.txt
無関係の人物を告発した場合は ペナルティを与えます。,"If you accuse the wrong person, you will be penalized.",gs3_002.txt
よく考えるように！,"Think very carefully before you speak, Ms. Fey.",gs3_002.txt
それでは‥‥あなたの考える “真犯人”を提示してください！,"Now then, Ms. Fey. Let's have it. Who is the ""real killer""!?",gs3_002.txt
なんですか、今のは。,What's that supposed to be!?,gs3_002.txt
え‥‥。その‥‥ 若さゆえの先走り、ですっ！,Err... Umm... A bout of youthful indiscretion! ...Your Honor!,gs3_002.txt
やれやれ‥‥ヤクソクどおり、 ペナルティを与えます。,"Maybe so, but I still have to penalize you.",gs3_002.txt
（ううう‥‥ダメよ！ ここで立ち止まっちゃ‥‥）,(Unngggh... No way! I won't let it end like this!),gs3_002.txt
もう一度、うかがいます。 今度こそ、よく考えるように。,"Now this time, I expect you to think a bit more carefully!",gs3_002.txt
美柳　ちなみさん。 ‥‥もちろん、あなたしかいない！,"It could only have been you, Dahlia Hawthorne!",gs3_002.txt
え‥‥ そ、そんな‥‥,Waaaaah! H-How... H-How can you...!,gs3_002.txt
なな、何をバカなッ！,Th-The defense is grasping at straws!,gs3_002.txt
送電線が切れてから、呑田さんが 感電死するまでの、１０分間！,Ten minutes passed between the time the cable broke and the time of the electrocution!,gs3_002.txt
その間、あなたは 何をしていたのですか？,"What exactly were you doing that whole time, Ms. Hawthorne?",gs3_002.txt
助けも呼ばず、ヘッドフォンで お歌を聞きながら‥‥,"Were you really listening to some music while ""cheering them both on"" as they fought?",gs3_002.txt
“どちらもファイト！”と 応援していたのかしらね！,"I find it hard to believe that you didn't lift a finger to stop the men ""dearest"" to you!",gs3_002.txt
静粛に！　静粛に！ ‥‥弁護人ッ！,Order! Order! Ms. Fey!,gs3_002.txt
こ、これは‥‥いったいその。 どういうあの。そういうこの。,"Wh-What... I mean, why... That is to say...",gs3_002.txt
証人！　あなたはあの日、 ふたりの言い争いを目撃した！,Ms. Hawthorne! I believe you did witness the two men fighting on that day. However!,gs3_002.txt
そして、なるほどくんが被害者を つきとばして立ち去ったあと‥‥,"After Mr. Wright pushed the victim, and subsequently left the scene...",gs3_002.txt
あなた自身が、その手で 彼をつきとばし、殺害したのです！,...it was YOU who pushed Mr. Swallow to his death by your very own hands!,gs3_002.txt
‥‥きゃあああああああッ！,AAAAAAAAHHH!!!,gs3_002.txt
ヒドい‥‥おばさま。 ちなみ、なんにもしてないのに‥‥,"H-How can you say something so mean, Madame Fey...! I... I didn't do anything...!",gs3_002.txt
弁護人ッ！　これは、重大な‥‥,Ms. Fey! This is a very serious charge you are--,gs3_002.txt
この裁判、ちょっと待ったあッ！,"Your Honor! P-Please, I have something I want to say!",gs3_002.txt
‥‥げほ。,*achoo*,gs3_002.txt
な、な、な、な、な‥‥ なんですか！　あなたはッ！,Y-Y-You! Wh-What is it!?,gs3_002.txt
弁護側は‥‥今の発言を 全面的に取り消しますッ！,Please... Please strike everything the defense said just now from the record!,gs3_002.txt
ば‥‥バカなコト言わないで！,What the...!? Are you daft!?,gs3_002.txt
千尋さん、見そこなったよッ！,"You're totally wrong, Miss Fey!",gs3_002.txt
ちいちゃんは‥‥ちいちゃんは、,Dollie... She...,gs3_002.txt
そんなコトしないやいっ！,She couldn't do something like that!,gs3_002.txt
コラコラ！　勝手に被告席から 出てきちゃダメでしょう！,Mr. Wright!! Get back in your seat!,gs3_002.txt
法廷係官！　ちゃんと つかまえておくように！,Bailiff! Grab that man!,gs3_002.txt
うおおえええ‥‥げほげほ。 ちいちゃんをイジめるな！　げほ。,Aaaarrgghh... *achoo* *achoo* Leave my Dollie alone! *achoo* *cough*,gs3_002.txt
‥‥ヤレヤレ。,*sigh* That boy...,gs3_002.txt
あのワカモノには、あまり 関わらんほうがよさそうぢゃの。,He's gotten himself in way over his head.,gs3_002.txt
ほ‥‥星影先生っ！,Oh...! Mr. Grossberg! You're back!,gs3_002.txt
なんとか間に合ったようぢゃな。,It seems I've arrived just in the nick of time.,gs3_002.txt
チミの新聞記事にあった事件‥‥ 警察の資料を手に入れてきたぞい！,I found the police report on that incident in your newspaper clipping!,gs3_002.txt
証拠品《警察の資料》のデータを 法廷記録にファイルした。,Police Report added to the Court Record.,gs3_002.txt
ありがとうございます。 ‥‥この記録がほしかったんです。,Thank you so much! This is exactly what I was hoping for!,gs3_002.txt
‥‥よく目を通しておくといい。,You'd better take a good look at it...,gs3_002.txt
チミが、その‥‥コイビトを 失った事件。その記録を、な。,It... err... details how you came to lose your boyfriend.,gs3_002.txt
‥‥さて。弁護側から、 重大な告発がありました。,"Now then, the defense has made a very serious accusation.",gs3_002.txt
亜内検事。いかがですか。,"Mr. Payne, what do you have to say about this?",gs3_002.txt
こ、これはもう、その‥‥,"W-Well really, Your Honor... I... I... That is I...",gs3_002.txt
ちょっといいですか？ 弁護士さん。,"May I interrupt you for just a moment, Mr. Prosecutor?",gs3_002.txt
あ。ちょっと、おじょうさん。 ここはその、私がカツンと。,"Ah, don't you worry, my dear. I have this situation well in hand.",gs3_002.txt
,*sniffle*,gs3_002.txt
‥‥ど、どうぞ。,"Err, that is I... Um... G-G-Go right ahead.",gs3_002.txt
このわたしのせいで ノンちゃん、お死にになった、と？,"Madame Fey, are you seriously accusing me of killing my sweet Dougie?",gs3_002.txt
そうよ。,Yes. I am.,gs3_002.txt
あなたは、呑田　菊三さんを 殺害したばかりか‥‥、,Not only am I saying you murdered Doug Swallow...,gs3_002.txt
その罪を、恋人である被告人・ 成歩堂　龍一に着せようとした！,"...but you also tried to pin the whole thing on your current lover, Phoenix Wright!",gs3_002.txt
だから、そんな 言いがかりは‥‥,I told you that you should let me handle this...,gs3_002.txt
,*weep*,gs3_002.txt
あ。スミマセン。 ど、どうぞ。,Urk. Sorry. P-Please go ahead.,gs3_002.txt
わたし、リュウちゃんのコト お慕い申しあげておりますのよ？,How can you say that!? I'm absolutely devoted to my dear Feenie.,gs3_002.txt
そのリュウちゃんに 罪をお着せするなんて‥‥,The notion that I would try to frame him is ludicrous!,gs3_002.txt
ちなみには、 お荷物が重たすぎますわっ！,This is all just too much for poor little me to bear!!,gs3_002.txt
平たく言えば“動機はなんだ、 コノヤロー”というコトぢゃの。,"Ah, I believe the girl is trying to ask what on Earth her motive would be.",gs3_002.txt
（そのコタエは‥‥この資料の中に かくされているはず‥‥）,(The answer to that lies somewhere in this police report. It must!),gs3_002.txt
半年前、この裁判所の地下食堂で 起こった事件‥‥,"Eight months ago, an incident occurred in the basement cafeteria of this building.",gs3_002.txt
そして‥‥事件と同じ日に 出会った、あるカップル‥‥,"And then... that same day the two of them ""accidentally"" meet...",gs3_002.txt
‥‥裁判長。,Your Honor.,gs3_002.txt
弁護側は‥‥美柳　ちなみさんに 証言を要求します！,The defense requests further testimony from Ms. Dahlia Hawthorne!,gs3_002.txt
しょ、証言‥‥？ 何について、ですかな？,F-Further testimony...? What about?,gs3_002.txt
成歩堂　龍一‥‥ 被告人との出会い、について。,"About the events of the day when she first met the defendant, Mr. Phoenix Wright.",gs3_002.txt
そんなノロケ話など、 事件には関係ありませんぞ！,What could that possibly have to do with this case!?,gs3_002.txt
“被告人に罪を着せる理由はない” ‥‥証人は、そう言いました。,"The witness claims that she has no reason to frame the defendant, am I correct?",gs3_002.txt
弁護側には、そのコトバに対して 反証するケンリがあります！,"Well I have evidence that suggests that she, in fact, had a very good reason!",gs3_002.txt
いいでしょう。 弁護側の要求を認めます。,"Very well then, the court grants the defense's request.",gs3_002.txt
‥‥おじょうさん。 証言をおねがいできますかな？,Young lady. Would you mind staying on for just a bit longer?,gs3_002.txt
も、モチロンですわ‥‥,"Of course not, Mr. Judge.",gs3_002.txt
（‥‥これからが勝負、ね。 美柳　ちなみさん‥‥）,"(Get ready for the battle of your life, Dahlia Hawthorne!)",gs3_002.txt
～成歩堂　龍一について～,-- How I Met My Feenie --,gs3_002.txt
リュウちゃんと出会ったのは、 今から半年前のことでしたわ。,I first met my darling Feenie eight months ago.,gs3_002.txt
運命のスポットは‥‥この裁判所の 地下にある、資料室だったんです。,It's like we were destined to meet in this very courthouse's basement reading room.,gs3_002.txt
ひとめ見て‥‥なんだか、 キュンって来ちゃいましたの。,"The moment our eyes met, my heart skipped a beat!",gs3_002.txt
それから、ずっと‥‥おつきあい させていただいております。,We've been going out ever since that fateful day.,gs3_002.txt
（‥‥ホント、はたメイワクなほど アツアツなんです、ぼくたち！）,"We're so lovey-wuvey we literally make people sick! It's just jealousy, I think...",gs3_002.txt
だから、被告人！ ヒトの証言に口をはさまない！,Mr. Wright! Do that again and you will be held in contempt of court!,gs3_002.txt
（とにかく‥‥ これで舞台はととのったわ！）,(And now we enter the final act of our little drama!),gs3_002.txt
あとは‥‥チミしだいぢゃ、 千尋クン！,"As we used to say in the days of my youth, ""Go get her!""",gs3_002.txt
～成歩堂　龍一について～,-- How I Met My Feenie --,gs3_002.txt
リュウちゃんと出会ったのは、 今から半年前のことでしたわ。,I first met my darling Feenie eight months ago.,gs3_002.txt
運命のスポットは‥‥この裁判所の 地下にある、資料室だったんです。,It's like we were destined to meet in this very courthouse's basement reading room.,gs3_002.txt
ひとめ見て‥‥なんだか、 キュンって来ちゃいましたの。,"The moment our eyes met, my heart skipped a beat!",gs3_002.txt
それから、ずっと‥‥おつきあい させていただいております。,We've been going out ever since that fateful day.,gs3_002.txt
いいな、千尋クン。‥‥彼女は 裁判長のお気に入りぢゃ。,"Listen to me, Mia. That woman has the judge in the palm of her hand, you see.",gs3_002.txt
攻撃するためには‥‥証言に ムジュンを見つけるしかないぞ！,So the only way to discredit her is to find a contradiction in her testimony!,gs3_002.txt
わたし‥‥大学のレポートの資料を 探すため、裁判所に来てましたの。,I had come to this courthouse to do some research for a paper I was writing.,gs3_002.txt
それまでは、被害者の呑田さんと つきあっていたのですね？,"So until that time, you had been dating Doug Swallow?",gs3_002.txt
ええ。‥‥ちなみって、 イケナイ子ですのね。,"Y-Yes. I'm a real fool, I know.",gs3_002.txt
カンタンに心変わり してしまうなんて‥‥。,Letting my emotions change so quickly... I'm ashamed of myself.,gs3_002.txt
そんなコトありませんぞ！,"No, no. Not at all!",gs3_002.txt
私も、判決をコロコロ変えるので 有名ですからな。,Look at me! I'm infamous for changing my mind!,gs3_002.txt
“うつり気で浮気な裁判長”と 呼ばれておりますぞ。ほっほっ。,"My critics have even taken to calling me ""Judge Fickle""! Ho! Ho! Ho!",gs3_002.txt
（どうしてクビに ならないのかしら‥‥）,(Maybe you should look for a different line of work...),gs3_002.txt
それが‥‥なぜか、いつも 正しい判決を下すんぢゃよ。,"Despite that, however, he always, always hands down the correct verdict.",gs3_002.txt
“フシギでブキミな裁判長”とも 呼ばれておるようぢゃな。,"That's why some people also call him ""The Great Judgini"".",gs3_002.txt
裁判所の資料室‥‥ちょっと 変わった出会いだったようですね。,The courthouse reading room? That's a strange place to meet the love of your life.,gs3_002.txt
そんなこと、ございませんのよ。 だって、リュウちゃんは‥‥,"That's not true, Madame Fey. After all, Feenie was...",gs3_002.txt
芸術学部の学生さまでありながら、 弁護士さまをお目指しに。,"Feenie was not only an art student, but he was also planning on becoming a lawyer.",gs3_002.txt
被告人ではなく、 あなたのことです‥‥証人。,"I'm not talking about him. I'm talking about you, Ms. Hawthorne.",gs3_002.txt
なぜ、文学部のあなたが、 裁判所の資料室にいたのかしら？,What was a literature student like you doing in a courthouse reading room?,gs3_002.txt
そんなこと、今回の事件とは まったく関係ありません！,This line of questioning is a waste of time! It has nothing to do with our murder case!,gs3_002.txt
ふむう‥‥。事件と関係ない質問は 認められませんが‥‥？,"Ms. Fey, I'm warning you. If this has nothing to do with Mr. Swallow's case...",gs3_002.txt
（裁判長は証人の味方。攻めかたを まちがえると、イタいわね‥‥）,(I have to remember the judge is on Dahlia's side. I'd better tread carefully...),gs3_002.txt
（これ以上、裁判長の心証を 悪くしちゃダメよ、千尋）,"(Mia, if the judge gets any angrier, you'll lose the whole case!)",gs3_002.txt
（ここはひとつ、ガマンして おこうかしら‥‥）,(I'll just have to hold my tongue for the time being.),gs3_002.txt
それでは、おじょうさん。 証言をつづけてください。,"Now then, young lady, please go on with your testimony.",gs3_002.txt
被告人、成歩堂くんと 出会ったときのことを！,Tell us about the time you first met Phoenix Wright.,gs3_002.txt
裁判長。事件との関連は、 これから証明できるハズです。,"Your Honor, if you'll allow me some latitude, I think I can establish relevance.",gs3_002.txt
つづけて証言をおねがいします！,Please ask her to continue on with her testimony!,gs3_002.txt
‥‥わかりました。おじょうさん、 質問に答えてもらえますか。,"Very well. Young lady, I've got a simple question for you.",gs3_002.txt
なぜ、あなたが、裁判所の 地下資料室にいたのか‥‥？,What were you doing downstairs in the courthouse reading room?,gs3_002.txt
ええ。よろしいですわ、 オジサマ‥‥。,"If it pleases Your Honor, the answer is simply this.",gs3_002.txt
裁判所の資料室‥‥ちょっと 変わった出会いだったようですね。,The courthouse reading room? That's a strange place to meet the love of your life.,gs3_002.txt
そんなこと、ございませんのよ。 だって、リュウちゃんは‥‥,"That's not true, Madame Fey. After all, Feenie was...",gs3_002.txt
芸術学部の学生さまでありながら、 弁護士さまをお目指しに。,"Feenie was not only an art student, but he was also planning on becoming a lawyer.",gs3_002.txt
被告人ではなく、 あなたのことです‥‥証人。,"I'm not talking about him... I'm talking about you, Ms. Hawthorne.",gs3_002.txt
なぜ、文学部のあなたが、 裁判所の資料室にいたのかしら？,What was a literature student like you doing in a courthouse reading room?,gs3_002.txt
‥‥ふふ。それはベツに ふつうのコトですのよ、おばさま。,"Tee hee. There's nothing strange about that, ma'am.",gs3_002.txt
あの‥‥なるほどくんの、 どこにキュンっと来たのですか？,Hmm... So what was it about Mr. Wright that made your heart malfunction like that?,gs3_002.txt
“ただのカゼひきニイさん”‥‥ 個人的には、そんな感じですけど。,"In my personal opinion, he just looks like a typical snotty-nosed college brat.",gs3_002.txt
‥‥でも、半年前のリュウちゃんは とっても、お元気そうでしたわ。,"Perhaps to a woman your age. But to me, Feenie is handsome!",gs3_002.txt
カゼひきですらなければ、 それこそ“ただのニイさん”‥‥,"Perhaps to you, Ms. Hawthorne. But to the rest of the planet, he's a dime a dozen.",gs3_002.txt
ヒトがだれかにキュンっと来る 理由など、他人にはわかりません！,"Love is a mysterious thing, and I object to this line of questioning!",gs3_002.txt
ジッサイ、私の奥さんを見ると、 みなさんクビをかしげますぞ！,"If you were to look at my wife for example, you might all be shocked!",gs3_002.txt
そのとおり。 私もそのヒトリです。,"He's telling the truth. It was truly, truly shocking.",gs3_002.txt
‥‥はかなげな、日かげに咲いた タンポポのような、たたずまい‥‥,"""Beautiful mushroom, growing tall in the darkness. It comes from cow dung.""",gs3_002.txt
リュウちゃんの、そんなところに ヨロめいてしまったのですわ。,That's the poem that best describes how I feel about my Feenie.,gs3_002.txt
呑田　菊三さん‥‥被害者とは、 何か問題はなかったのですか？,Were there any bad feelings between you and Mr. Swallow?,gs3_002.txt
ええ。わたしたち、とっても 仲よく、お別れしましたの。,"No, none at all. We parted on very good terms.",gs3_002.txt
そんなワケないでしょ！,But that can't be!,gs3_002.txt
私どもの調査でも、ふたりは スッパリ、別れたようです。,Our investigation also shows that it was a clean breakup.,gs3_002.txt
え‥‥。 そ、そうなんですか？,Huh... Are you... Are you sure?,gs3_002.txt
どうやら、呑田くんのほうも、 それを望んでいたようですな。,"Yes, it seems that they both wanted it that way.",gs3_002.txt
（被害者が‥‥ 別れたがっていた‥‥？）,(So the victim wanted to break up with her...?),gs3_002.txt
呑田さん‥‥被害者も、あなたと 別れたがっていたのかしら？,So you're saying that Mr. Swallow also wanted to break up with you?,gs3_002.txt
さ‥‥さあ、それは‥‥,"W-Well, y-you see...",gs3_002.txt
おじょうさんに、そんなコトを 聞くのはシツレイですぞ！,What a cruel thing to ask a lovely young lady like this!,gs3_002.txt
‥‥ちなみに私自身は、奥さんと 別れるなど、考えたこともない！,"By the way, I have never ONCE considered leaving MY wife!",gs3_002.txt
聞いていません。,"No one cares, Mr. Payne.",gs3_002.txt
（彼女‥‥否定しない、 ということは‥‥）,(She didn't deny it... That must mean...),gs3_002.txt
（どうやら呑田　菊三は 気がついていたようね）,(Doug Swallow must have seen through her little act.),gs3_002.txt
（‥‥美柳　ちなみの “本性”に‥‥）,(He must have gotten a glimpse of her true nature.),gs3_002.txt
（被害者が美柳　ちなみを どう思っていたか‥‥？）,(What did the victim think of Dahlia Hawthorne...?),gs3_002.txt
（とりあえず、今は 必要のない情報ね‥‥）,"(Well, I guess I don't have to think about that now...)",gs3_002.txt
レポートの資料‥‥ですか？,You were writing a paper? On what?,gs3_002.txt
はい。現代川柳と、犯罪の関係 について、ご本を調べたくて。,On the relationship between modern Senryu poetry and the criminal underworld.,gs3_002.txt
ほおほお。それはキョーミ深い 研究テーマですなあ。,Ho ho ho. That sounds like a fascinating research idea.,gs3_002.txt
『もの忘れ　忘れたことも 忘れてる』‥‥のような。,"""Am I getting old? Now I've even forgotten what I've forgotten...""",gs3_002.txt
（中年のボヤキじゃない！）,(Again with the mid-life crisis stuff!?),gs3_002.txt
千尋クン。彼女がなぜ、この 裁判所に来ていたか‥‥？,"Mia, why did that girl really come to this courthouse? Isn't that what you wanted to know?",gs3_002.txt
よもや、忘れているワケぢゃ あるまいな？,"And speaking of forgetting things, you haven't forgotten the police report, have you?",gs3_002.txt
‥‥せっかくの資料ぢゃ。 ちゃんと、目を通しておくれ。,"I went through a lot of trouble to get it, m'dear, so be sure to read it carefully.",gs3_002.txt
ちなみさん‥‥あなたは、 裁判所の資料に用はなかった。,"Ms. Hawthorne, you weren't here because of your research paper, were you?",gs3_002.txt
他に、もっと重大な用事が あったんじゃないかしら‥‥？,Didn't you actually come here for a much more important reason?,gs3_002.txt
‥‥！,,gs3_002.txt
なな、なんですか！ その、イミありげなニコニコ顔は！,"Wh-What is the meaning of that cocky smile on your face, Ms. Fey!?",gs3_002.txt
半年前‥‥。この裁判所で、 ある事件がありました。,"Eight months ago, right here in this very courthouse, there was another tragedy.",gs3_002.txt
じけん‥‥？,Another tragedy...?,gs3_002.txt
“弁護士が毒を盛られた” という、アレですかな？,Do you mean the incident in which an attorney was poisoned?,gs3_002.txt
この資料に、その事件の 容疑者の名前が記されています。,The name of the suspect in that incident is listed here in this report.,gs3_002.txt
‥‥“美柳　ちなみ”‥‥と。,And that name is... Dahlia Hawthorne!,gs3_002.txt
な、なんですと‥‥！,What!?,gs3_002.txt
み‥‥みやなぎ　ちなみ‥‥！,D-Dahlia H-Hawthorne!?,gs3_002.txt
そう、みなさんの大好きな 美柳　ちなみさんです！,"Yes! The sweetie-pie of everyone's eye, Ms. Dahlia Hawthorne!",gs3_002.txt
彼女は、半年前の事件の 最有力容疑者だったのです！,She was the prime suspect in a criminal case just eight months ago!,gs3_002.txt
静粛に！　静粛に！　静粛に！ ‥‥し、信じられません。,Order! Order! Order! Th-This is unbelievable!,gs3_002.txt
このように、セイソでカレンな きんぽうげの花びらのような‥‥,It's true then... The loveliest rose can hide the cruelest thorn...,gs3_002.txt
弁護人！　ひ‥‥ヒキョウですぞ！,Ms. Fey! Th-That's not fair!,gs3_002.txt
本件と無関係な中傷で、 この証人の信用をなくそうなどと,You can't slander my witness with an unrelated case!,gs3_002.txt
‥‥あの。,Umm...,gs3_002.txt
‥‥そのようなコトは、 この亜内　武文が！　ユルしませ,"I, Winston Payne, will not allow it!",gs3_002.txt
検事さん。‥‥わたしが お話ししてるんですのよ。,Mr. Prosecutor... I believe I was speaking.,gs3_002.txt
あ。スミマセン。 ど、どうぞ。,Urk. P-Pardon me... G-Go right ahead...,gs3_002.txt
今から、半年前。 警察のみなさまは、たしかに‥‥,It's true that about eight months ago...,gs3_002.txt
わたしに対して、ウタガイの おマナコでいらっしゃいました。,...the police expressed some interest in me.,gs3_002.txt
‥‥ふむう。 ウタガイのおマナコ‥‥,"Hmm... Expressed some interest, huh?",gs3_002.txt
わたし‥‥この場で、 証言したいのですけど。,"Mr. Judge, sir... I know I'm under oath, so I'll tell you the absolute truth.",gs3_002.txt
半年前の事件について、 わたしが無関係である、と‥‥,I did not commit the crime that occurred during that incident eight months ago.,gs3_002.txt
はあ‥‥。,I see...,gs3_002.txt
（さあ‥‥これで２つの事件は つながったわ！）,(OK... I've tied the two crimes together!),gs3_002.txt
（あとは‥‥ 一気に攻めるだけよ、千尋！）,(Now I've just got to stay on the offensive!),gs3_002.txt
いいぞ、千尋クン！,"Well done, Mia!",gs3_002.txt
ううう‥‥ワシのハートと シリにも、火がついたぞい！,Ooohhh... You've really lit a fire in my heart... And my buttocks!,gs3_002.txt
ハートと、そしてシリが‥‥ 今。ウズきだしたワイっ！,"I can hardly tell which is more inflamed, my spirit... or my hemorrhoids!",gs3_002.txt
～半年前の事件について～,-- The Poisoning --,gs3_002.txt
弁護士さんとカフェテリアで お会いして、お話ししました。,I met the lawyer who was poisoned to discuss something in the cafeteria that day.,gs3_002.txt
わたし、少し席をはずしました。 事件はそのとき、起こりましたの！,"I left my seat for just a moment, and that's when it happened!",gs3_002.txt
毒薬は液体で、致死量の１０ミリ リットルが検出されたそうです。,"From what I heard, it was a liquid poison that is lethal at just 2 teaspoons.",gs3_002.txt
しかも、犯行に使用された毒薬は かなり特殊なモノだったそうです。,"Not only that, I heard it was a very special kind of poison.",gs3_002.txt
わたしは無実ですわ。そんな毒薬、 手に入れる方法がありませんもの！,"So you see, I'm innocent! I wouldn't even know where to get a poison like that!",gs3_002.txt
ふむう‥‥。半年前、 そんなことがあったのですか！,Hmm... So that's what happened here eight months ago.,gs3_002.txt
し‥‥しかし、お聞きのとおり！ この証人は、事件とは無関係です。,"However, as you've heard from the witness's testimony, she had nothing to do with it.",gs3_002.txt
弁護人のヒレツなたくらみは これで‥‥,I think the defense is just about out of tricks...,gs3_002.txt
ザンネンね‥‥亜内検事さん。,"I'm terribly sorry, Mr. Payne.",gs3_002.txt
弁護側のヒレツなたくらみは まだまだ、つづきます。,But I'm afraid the defense has many more tricks up its sleeve today.,gs3_002.txt
‥‥尋問が終わるまで！,And I'll be sure to show them to you before the end of this cross-examination!,gs3_002.txt
うぐはッ！,Unnggh!,gs3_002.txt
‥‥な、なんだか急に、 弁護人に妙なハクリョクが‥‥,What the...!? Why does the defense suddenly feel stronger...?,gs3_002.txt
おおお！　千尋クンに、 弁護士のオーラがッ！,"Aha! Mia! You're glowing with a true lawyer's aura, m'dear!",gs3_002.txt
ちょっぴり、背が伸びた ようにみえるぞい！,That proud posture and self-confidence! Absolutely smashing!,gs3_002.txt
～半年前の事件について～,-- The Poisoning --,gs3_002.txt
弁護士さんとカフェテリアで お会いして、お話ししました。,I met the lawyer who was poisoned to discuss something in the cafeteria that day.,gs3_002.txt
わたし、少し席をはずしました。 事件はそのとき、起こりましたの！,"I left my seat for just a moment, and that's when it happened!",gs3_002.txt
毒薬は液体で、致死量の１０ミリ リットルが検出されたそうです。,"From what I heard, it was a liquid poison that is lethal at just 2 teaspoons.",gs3_002.txt
しかも、犯行に使用された毒薬は かなり特殊なモノだったそうです。,"Not only that, I heard it was a very special kind of poison.",gs3_002.txt
わたしは無実ですわ。そんな毒薬、 手に入れる方法がありませんもの！,"So you see, I'm innocent! I wouldn't even know where to get a poison like that!",gs3_002.txt
いいかの。彼女が今まで タイホされなかった理由は‥‥,"So in essence, the main reason Ms. Hawthorne was never arrested for this crime...",gs3_002.txt
“毒薬を入手する 手段がなかったから”ぢゃ。,...was because no one could show how she could have obtained the poison.,gs3_002.txt
じゃあ、逆に言えば‥‥ その方法さえ立証すればいい！,"Then all we have to do is find a way to establish how she could've gotten some, right?",gs3_002.txt
（‥‥彼女は、どうやって 毒薬を入手したか‥‥？）,"(Great... Now just how did a lit. student get a hold of poison, of all things...?)",gs3_002.txt
被害者の弁護士さんと、 どんな話をしたのかしら？,What were you talking about with the defense attorney?,gs3_002.txt
それは‥‥申しあげたく ありませんわ。,"Well I... I'm sorry, but that's confidential.",gs3_002.txt
資料によると、“ある事件のため” ‥‥ということですな。,"According to the report, you were being interviewed regarding another case.",gs3_002.txt
私がおさないころ、巻きこまれた 事件について話を聞きたい‥‥,The lawyer that was killed...,gs3_002.txt
亡くなった弁護士さんが、 そうおっしゃったんです。,He said he wanted to talk about an incident I was caught up in when I was younger.,gs3_002.txt
ちなみに、それは どんな事件だったのですか？,Why don't you tell us all what that incident was?,gs3_002.txt
そんなコト、審理とは マッタク関係ありませんぞ！,That has absolutely nothing at all to do with this case!,gs3_002.txt
検察側の異議を認めます。 ‥‥弁護側の質問は、却下。,Objection sustained. The defense's question is stricken from the record.,gs3_002.txt
今回のコトといい‥‥ よく事件に巻きこまれるのね。,"You get involved in a lot of ""incidents"", don't you, Ms. Hawthorne?",gs3_002.txt
‥‥わたし、不幸のお星さまの 下に生まれてしまったのですね。,"Well, I guess I was just born under a bad sign.",gs3_002.txt
（シンパイいらないさ！ ボクが守ってあげるから！）,"Don't worry, Dollie! I'll protect you!",gs3_002.txt
‥‥だ、そうです。 よかったですな、おじょうさん。,"You heard the man. Now THAT is true love, young lady!",gs3_002.txt
もお‥‥。リュウちゃんたら‥‥。,"Oh, Feenie... Please...",gs3_002.txt
（やれやれ‥‥ね）,(*gag* Those two really are making me ill. Albeit for decidedly different reasons.),gs3_002.txt
どれぐらいの時間、 席をはずしたのですか？,How long were you gone?,gs3_002.txt
それは、警察のみなさまにも お話しいたしましたけど‥‥、,I've already answered all these questions for the police...,gs3_002.txt
１０分か、２０分‥‥だったと 思います。,"But if you must know, maybe 10 or 20 minutes...",gs3_002.txt
その時間、あなたはどこへ？ ‥‥トイレかしら？,And where were you during that stretch of time? Using the toilet?,gs3_002.txt
（ナニ言ってるんだよ 千尋さん！）,"What are you SAYING, Miss Fey!?",gs3_002.txt
（ちいちゃんは、トイレなんか 行かないんだい！）,Toilet!? My perfect little Dollie doesn't poop!,gs3_002.txt
‥‥だ、そうです。 ザンネンでしたな、弁護人。,"You heard the defendant, Ms. Fey. Better luck next time.",gs3_002.txt
もお‥‥。リュウちゃんたら‥‥。,"Oh, Feenie... Please...",gs3_002.txt
‥‥とにかく、それはすでに 警察が調べているでしょう。,The police have already looked into this whole matter.,gs3_002.txt
この審理に関係ない以上、 イミのない質問です！,This line of questioning is nothing but a waste of the court's time!,gs3_002.txt
異議を認めます。 証言をつづけてください。,"Objection sustained. Ms. Hawthorne, please continue with your testimony.",gs3_002.txt
１０ミリリットルというのは、 どれぐらいの量なんでしょう？,About how much liquid is 2 teaspoons?,gs3_002.txt
ふむ、そうですなあ。,"Hmm, well let me see...",gs3_002.txt
私の目薬の小ビンが、ええと‥‥ １５ミリリットル入りですな。,My bottle of eyedrops says it's 1/2 fluid ounce... Which is equal to 3 teaspoons...,gs3_002.txt
（その３分の２、か。 ちょっとした量ね‥‥）,"(So it's about two-thirds of that amount, huh...)",gs3_002.txt
弁護士さんが飲み残したコーヒーの カップに、毒が入っていたんです。,The poison was found in the lawyer's mug of coffee.,gs3_002.txt
きっと、わたしが 席をはずしたあとに‥‥、,It must have been after I left the table...,gs3_002.txt
どなたかが、そっと 毒をお入れになったのですわ。,Someone must have quietly slipped it in there.,gs3_002.txt
“特殊”‥‥と言うと？,"A ""special kind of poison""? How so?",gs3_002.txt
なんでも、すごく検出が むずかしい猛毒だったそうです。,"Well, I heard that it's almost impossible to detect.",gs3_002.txt
ほほお‥‥。 それはまた、どうして‥‥？,Oh? And where would something like that come from...?,gs3_002.txt
詳しくは存じませんの。 おまわりさまのお話では、,I'm sorry... All I know is what I overheard the policemen saying.,gs3_002.txt
なんでも、高度な化学的処理で 精製されたもの、だとか‥‥。,They said something about using advanced chemical processes to purify it...,gs3_002.txt
かがくてきしょり‥‥ですか。 それはその。なんというかあの。,"""Chemical processes""...? Well, well... That's quite...",gs3_002.txt
‥‥スゴそうですなあ。,...impressive. Most impressive...,gs3_002.txt
（‥‥そんなもの、犯人は どこで手に入れたのかしら‥‥）,"(The better question is, how did the criminal get something like that?)",gs3_002.txt
それが‥‥逮捕されずに すんだ理由ですか。,And that's the reason they didn't arrest you?,gs3_002.txt
“毒薬を手に入れる方法が なかったから”‥‥,Because no one could show how you could've gotten the poison?,gs3_002.txt
あの。‥‥じゅうぶんだと 思いますけど。,"I think that's a good enough reason, Madame Fey.",gs3_002.txt
さよう。くだらない尋問は これぐらいにしていただきたい！,She's right. And I think we've all had enough of Ms. Fey's questions!,gs3_002.txt
ふむう‥‥。,Hmm...,gs3_002.txt
“毒薬を入手する方法はなかった” そんなイイワケは通用しないわ。,You wouldn't know how to get that kind of poison? I don't believe you.,gs3_002.txt
え‥‥‥,What...!?,gs3_002.txt
あなたは、いつでも毒薬を 手に入れることができたハズです。,"In fact, you had easy access to that kind of poison, didn't you?",gs3_002.txt
‥‥“彼”の研究室に 行きさえすれば。,At your boyfriend's lab!,gs3_002.txt
そ、それは‥‥ 被害者の呑田　菊三くん！,"B-Boyfriend!? You mean the victim, Doug Swallow!?",gs3_002.txt
半年前‥‥。彼女は 呑田　菊三さんとつきあっていた。,"That's right. Up until eight months ago, Ms. Hawthorne was dating Mr. Swallow.",gs3_002.txt
彼は‥‥勇盟大学、 薬学部の学生です。,"And if you'll recall, Mr. Swallow was a Pharmacology student at Ivy University.",gs3_002.txt
‥‥やくがく‥‥ぶ‥‥,Ph-Ph-Pharmacology...,gs3_002.txt
研究室には、化学実験に使用する 最新の設備もあります。,His laboratory contained highly advanced chemistry equipment.,gs3_002.txt
逆に言えば‥‥それしか あり得ないのではないでしょうか？,"In fact, without such equipment...",gs3_002.txt
‥‥犯人が“特殊な毒薬”を 手に入れたルートは！,...the culprit could never have obtained such a rare and special poison!,gs3_002.txt
‥‥‥‥！,,gs3_002.txt
いかがかしら、ちなみさん？ 毒薬を手に入れる方法は、あった。,"Well, Ms. Hawthorne? It seems you had access to such a poison after all.",gs3_002.txt
‥‥あとは、被害者のスキを見て、 カップにその毒を入れるだけ‥‥,"And then, it was a matter of slipping it into the victim's coffee when he wasn't looking.",gs3_002.txt
それができたのは、いっしょの テーブルにいた、あなただけよ！,The only person who could've done that was the one sitting at his very table -- you!,gs3_002.txt
‥‥いやあああああああッ！,NOOOOOOOOOOOO!!,gs3_002.txt
静粛に！　静粛に！　静粛に！ ま‥‥まさか！　まさか‥‥,Order! Order! Order! C-C-Could it be...!?,gs3_002.txt
こ、これは‥‥まったく コンキョのない話でありま,Th-That's nothing but a baseless accus--,gs3_002.txt
ひとつだけ、いいですか？ ‥‥おばさま。,"May I say something, Madame Fey?",gs3_002.txt
何かしら？　‥‥ちなみさん。,"What is it, Ms. Hawthorne?",gs3_002.txt
おコーヒーに入れられた毒は、 １０ミリリットルですよね。,"The amount of poison in the coffee was 2 teaspoons, correct?",gs3_002.txt
それだけの量の液体を運ぶには、 いれもの‥‥容器が必要ですわ。,In order to carry that much liquid... you would need some kind of container.,gs3_002.txt
そうですな。‥‥たしかに。,"Well, yes... That's true.",gs3_002.txt
わたし、事件が発見されたあと、 すぐに身体検査を受けました。,I was searched immediately after the incident took place.,gs3_002.txt
たしか、裁判所内もテッテー的に 捜査されたと聞いていますぞ。,Quite true. In fact the entire courthouse was turned upside down.,gs3_002.txt
でも‥‥そんな“容器”は どこにもありませんでしたのよ？,"But... they didn't find a suspicious container anywhere, did they?",gs3_002.txt
（たしかに‥‥資料にも そう書いてある‥‥！）,(She's right... They even mentioned that in the report!),gs3_002.txt
そ、そんなモノ‥‥どうとでも 始末できるはずよ！,"W-Well, you could've easily gotten rid of something that small!",gs3_002.txt
そうは行きませんわ、おばさま！,"Excuse me, Madame, but this is a court of law!",gs3_002.txt
わたしが“おクスリのいれものを 始末した”とおっしゃるなら、,If you're saying I threw the poison container away...,gs3_002.txt
‥‥お証拠品を お見せになってくださいっ！,...I think you need to show some kind of proof!,gs3_002.txt
お、“お証拠品”‥‥ッ！ （は、反撃してきたわ‥‥！）,P-Proof...!? (She got me good with that!),gs3_002.txt
お証拠品で立証できないかぎり、 これ以上のギロンは認めません！,"Provide some evidence or I'll have to disallow this line of questioning, Ms. Fey!",gs3_002.txt
ここはもう、お証拠品を たたきつけるしかないぞい！,"Unless we can come up with some evidence, we're going to lose this lead!",gs3_002.txt
（事件発生直後、毒を入れた “容器”が消えてしまった）,(The police conducted a full body search of Dahlia and of the entire courthouse.),gs3_002.txt
（彼女自身は身体検査を受け、 裁判所内も捜査された‥‥）,(And yet the container holding the poison disappeared right after the crime occurred...),gs3_002.txt
このおじょうさんが 犯人だと言うのならば‥‥,If you're going to accuse the young lady of committing the murder...,gs3_002.txt
“毒の容器”は、どこへ消えたか？ あなたの考えをうかがいましょう！,...then where is the container the poison was carried in? What happened to it?,gs3_002.txt
,‥‥‥<Payne> ‥‥‥‥‥<Dahlia>,gs3_002.txt
あの‥‥弁護人。 わかっていますかな。,Ms. Fey... I'm sure even you understand.,gs3_002.txt
これはその。いわゆる 《重要な場面》なのですが‥‥？,"In a narrative, this is what they call the ""moment of truth""! And you've ruined it!",gs3_002.txt
うーんとしかって おやりになって‥‥オジサマ。,"That's correct, Mr. Judge... But you play your part so well.",gs3_002.txt
む！　オジサマに まかせなさいッ！,"Leave it to me, young lady! It's my job, after all!",gs3_002.txt
（く‥‥ッ！ 泣いちゃダメよ、千尋！）,"(Ohhh...! Don't do it, Mia! Don't cry!)",gs3_002.txt
あ、あと一歩ぢゃぞ！ 千尋クン！　考えるのぢゃ！,"You're so close, Mia! Don't give up! Think!",gs3_002.txt
‥‥あなたは、大急ぎで“容器”を 始末しなければならなかった。,"You were forced to get rid of the container in a hurry, weren't you?",gs3_002.txt
だから‥‥それを、事件と 無関係な人物に押しつけた！,And that's why you passed it on to someone that had nothing to do with the case!,gs3_002.txt
‥‥身体検査をされるはずのない、 ある人物にね。,Someone that you knew wouldn't be searched!,gs3_002.txt
い、いったい、ダレですかッ！,W-Who is this person!?,gs3_002.txt
成歩堂　龍一です。 ‥‥もちろん。,"Mr. Phoenix Wright, of course.",gs3_002.txt
被告人が‥‥この証人の 共犯だった、と‥‥？,So the defendant was this witness's accomplice?,gs3_002.txt
とんでもありません。,Of course not.,gs3_002.txt
毒薬は‥‥そう。彼女からの プレゼントだったのです。,She gave the poison to him disguised as... a present.,gs3_002.txt
あ‥‥！ そ、それは‥‥ッ！,Wh-What...!? B-But... But that's...!,gs3_002.txt
‥‥ふむう‥‥ キレイなペンダントですな。,Hmm... That's a charming little necklace.,gs3_002.txt
これは‥‥ガラスの小ビン、 ですか。ヒジョーに愛らしい。,Is this... a little bottle? It's really quite cute.,gs3_002.txt
で‥‥これが どうかしましたかな？　弁護人。,"So what about it? What does it mean, Ms. Fey?",gs3_002.txt
証人が、成歩堂　龍一と 運命の出会いを果たしたのは‥‥,The day that the witness met and fell for Mr. Phoenix Wright was eight months ago...,gs3_002.txt
半年前の、８月２７日。 ‥‥事件があった日でした。,August 27th. The very same day as the poisoning incident.,gs3_002.txt
そのとき彼女は、彼に これを“プレゼント”したのです。,"Under the pretense of love, the witness gave my client a present.",gs3_002.txt
‥‥決定的な証拠を “かくしてしまう”ために！,All for the purpose of hiding the one piece of evidence that would give her away!,gs3_002.txt
な‥‥なんですってええッ！ まさか、この中に‥‥モードクが！,Whaaat!? Are you saying there's a deadly poison in here!?,gs3_002.txt
小ビンの中には‥‥もう、 毒薬は残っていません。,"No, there's no longer any poison in that bottle.",gs3_002.txt
‥‥しかし！,However!,gs3_002.txt
薬学部で分析すれば‥‥ かならず痕跡が見つかるはずです！,"I'm certain if the crime lab were to analyze it, they would find a trace amount!",gs3_002.txt
きゃああああああああああああ ああああああああああああああッ！,NOOOOOOOOOO!! WAAAAAAAAAAAAAAAAAAAH!!,gs3_002.txt
せ、静粛に！　静粛にいいッ！ ‥‥ええと、その‥‥,"Or-Order! Order in the court! Ahh, umm...",gs3_002.txt
ちいちゃんのかわりに 異議ありッ！,"On behalf of Dollie, I object!",gs3_002.txt
なな、なんですか被告人ッ！,M-Mr. Wright! Control yourself!,gs3_002.txt
ユルさないぞお！ ち、ちいちゃんをイジめると‥‥！,I-I won't let you bully her like this...!,gs3_002.txt
こ、コラコラ！　だから、 勝手に出てこないように！,Mr. Wright! I thought I told you to stay in your seat!,gs3_002.txt
‥‥なるほどくん。,Mr. Wright... Why?,gs3_002.txt
どうして‥‥そこまでして、 この証人をかばおうとするの？,Why are you going through so much trouble to protect her?,gs3_002.txt
え‥‥っ！,Why?,gs3_002.txt
だ、だって！　ぼく‥‥ 彼女に、クビったけだから！,B-Because...! Because I'm madly in love with her!,gs3_002.txt
ふむう‥‥。,"Hmmm, hmmmm...",gs3_002.txt
ひさしぶりに聞きましたな。 “クビったけ”‥‥,"""Madly in love""... I haven't heard anyone say that in a long time...",gs3_002.txt
なるほどくん‥‥あなたは、 考えたことがあるかしら。,Mr. Wright... Have you ever thought about this...,gs3_002.txt
美柳　ちなみが、“なぜ” あなたとつきあっているか？,Why exactly would a woman like Dahlia Hawthorne want to date you anyway?,gs3_002.txt
そ、それは‥‥モチロン、 ボクにクビったけ‥‥,W-Well... I guess she must be madly in love with me too...,gs3_002.txt
（なるほどくん‥‥おねがい！ もう、目をさまして‥‥）,(Mr. Wright... Please! Open your eyes...!),gs3_002.txt
‥‥審理がここまで来れば、 だれでもわかることなのよ。,"At this point in the trial, I think it should be obvious to everyone.",gs3_002.txt
美柳　ちなみが、 あなたに近づいた理由は‥‥！,The real reason that Dahlia Hawthorne is dating you is...,gs3_002.txt
もちろん‥‥彼女も、あなたに クビったけだったからです！,Naturally it's because she has fallen madly in love with you too!,gs3_002.txt
そーですよね、ヤッパリ！,See? Just like I told you!,gs3_002.txt
ちち、千尋クン！ ナニを言い出すんぢゃ！,M-M-Mia! Are you thinking clearly!?,gs3_002.txt
‥‥今までのハナシが みんな、パアぢゃないかい！,Th-That flies in the face of everything we've learned up to this point!,gs3_002.txt
す、すみません！　なんだか 気に入っちゃって。,I-I'm sorry! I don't know why I even said that...,gs3_002.txt
“クビったけ”っていう ヒビキが‥‥,"*sigh* I guess it's because I just like the sound of that phrase, ""madly in love""...",gs3_002.txt
‥‥弁護人。,Ms. Fey.,gs3_002.txt
いつまでも、ユメ見る少女では いられませんぞ。,"You can't remain a starry-eyed maiden for the rest of your life, you know.",gs3_002.txt
‥‥もう一度、 考えなおします‥‥。,"Please let me think it over one more time, Your Honor...",gs3_002.txt
もちろん‥‥あなたの 口止めをするためです！,"Naturally, it's to keep you quiet!",gs3_002.txt
く‥‥口止めですかッ！,What...!? To k-keep me quiet!?,gs3_002.txt
‥‥その。‥‥ナニをですか？,Um... Keep me quiet about what...?,gs3_002.txt
え‥‥,Well... uh...,gs3_002.txt
‥‥どうやら、カンジンの本人に 自覚がないようですな。,"It seems that the rest of us don't quite understand you, Ms. Fey.",gs3_002.txt
美柳　ちなみさんの“ヒミツ”を ニギっているという自覚が‥‥,Nor do we understand what this vile secret that Ms. Hawthorne holds is...,gs3_002.txt
そうですよ、千尋さん。,"That's because there is no secret, I tell you.",gs3_002.txt
（ああ‥‥なんて ノンキなの、あなたは！）,(ARGH!! How dense can you be!?),gs3_002.txt
‥‥弁護人。もう一度 考えなおしてもらいましょうか。,Ms. Fey... Please think it over and try again.,gs3_002.txt
はい‥‥。,"Yes, Your Honor...",gs3_002.txt
美柳　ちなみは‥‥あなたに クビったけだったワケじゃない。,Dahlia Hawthorne was not and is not madly in love with you.,gs3_002.txt
ねらいは‥‥クビに下がっていた ペンダントだけだったのよ。,The only thing she's after is that bottle necklace you love to wear around your neck!,gs3_002.txt
ぺんだんと‥‥？,My n-necklace...?,gs3_002.txt
さっき、控え室で あなたは言っていたわ。,"Back there in the waiting room, you said it yourself...",gs3_002.txt
彼女、テレ屋さんだから‥‥ 会うたびに、ボクに言うんですよ。,"Yeah, but she's so shy. Every time I see her, she always says the same thing to me.",gs3_002.txt
“やっぱりそれ、返して”って。,"""Please give it back now.""",gs3_002.txt
ヘンな女ぢゃの。一度あげたモノを 返せ、とは‥‥,"What a strange girl, asking for a present back like that...",gs3_002.txt
このペンダントは、彼女にとって 致命的な証拠品だった。,"For Dahlia Hawthorne, that necklace is irrefutable evidence of her crime.",gs3_002.txt
だから‥‥なんとしても、 彼女は回収したかったのよ。,That's why she absolutely had to get it back.,gs3_002.txt
う、ウソだ‥‥！,Y-You're lying!,gs3_002.txt
でも、あなたは返さなかった。,But you never gave it back to her.,gs3_002.txt
その上、会うヒトに、いちいち うれしそうに見せびらかしていた。,"And to make things worse for her, you insisted on showing it to everyone you met.",gs3_002.txt
‥‥だから、彼女は‥‥‥‥‥‥,That's why she......,gs3_002.txt
‥‥そんなの‥‥そんなの‥‥,...I don't...... I don't believe you...,gs3_002.txt
ウソだわわああああああああんっ！,NOOO!! Th-That's a LIE!! Waaaaaaaaaaaaaaaaaaaaaaaah!!,gs3_002.txt
きゃあっ！,Eeeeeek!!,gs3_002.txt
（ち、千尋クン！ しっかりするんぢゃアッ！）,M-Mia! Are you alright!?,gs3_002.txt
（ひ、被告人が‥‥ 逃げ出したぞおッ！）,Ah! The defendant! He-He's getting away!,gs3_002.txt
（係官ッ！　すぐ‥‥ すぐ、追うのです！　早くッ！）,Bailiff! Hurry! After him!,gs3_002.txt
‥‥大丈夫かッ！　千尋クン！,Mia! Mia! Are you alright!?,gs3_002.txt
は‥‥はい。‥‥なんとか。,"Y-Yes, I-I think so...",gs3_002.txt
あのボウヤ‥‥ トンデモないのお、まったく！,That boy...! He went completely insane!,gs3_002.txt
‥‥あの。 なるほどくんは‥‥？,Where... Where's Mr. Wright?,gs3_002.txt
係官たちが捕まえたそうぢゃ。 じき、戻ってくるぢゃろ。,"It looks like the bailiff caught him, so he should be brought back here soon.",gs3_002.txt
よかった‥‥。 ‥‥‥‥‥‥ああああっ！,Thank goodness... Oh no!,gs3_002.txt
ここ、今度はなんぢゃ？,What is it!?,gs3_002.txt
しょ、証拠品が‥‥あの、 ペンダントが‥‥,"The bottle necklace...! Ms. Hawthorne's ""present""...!",gs3_002.txt
なくなっていますっ！,It's gone...!,gs3_002.txt
な‥‥‥‥、ナニぃぃぃぃッ！,Whaaaaat...! That's terrible!!,gs3_002.txt
さっき、ぶつかってきたとき ‥‥取られちゃいました！,Mr. Wright must have grabbed it when he slammed into me!,gs3_002.txt
バカな‥‥バカなボウヤぢゃ。 たった１つの証拠品を‥‥,Foolish boy...! That's the only thing that could have saved him...,gs3_002.txt
どうするつもりぢゃあああァァッ！,What in blazes are we supposed to do noooow!!,gs3_002.txt
‥‥被告人。こんなコトは、 まさに前代未聞です。,Mr. Wright!! This sort of behavior is unprecedented in the history of this court!,gs3_002.txt
ゴメンなさい。,I-I'm sorry...,gs3_002.txt
ゴメンですめば、ここにいる 私たち全員、クビですぞッ！,I'm afraid that your apology is not enough!,gs3_002.txt
なるほどくん！,Mr. Wright!,gs3_002.txt
証拠品を‥‥ ペンダントを、どうしたの？,What did you do with the bottle necklace?,gs3_002.txt
ご‥‥ゴメン、千尋さん。 ぼく‥‥ぼく‥‥,F-Forgive me... I... I... I'm sorry...,gs3_002.txt
‥‥もう、いいわ。 ペンダントを返してほしいの。,It's OK. Just give back the necklace.,gs3_002.txt
食べちゃいました。,I ate it.,gs3_002.txt
‥‥‥‥‥‥‥‥‥は？,You what?,gs3_002.txt
た‥‥た。たべた‥‥？,You... You... You ate it...?,gs3_002.txt
‥‥ガラス製でカタかったけど。 バリバリ噛みくだいて。,"It was too big to swallow, so I had to chew it into little bits first, but yeah...",gs3_002.txt
‥‥う。 うえええええええええええええん！,...Ugh. Aaaaaaaaahhhh!,gs3_002.txt
な‥‥,What the...?,gs3_002.txt
な‥‥‥‥,Wha--...?,gs3_002.txt
なんという、バカな‥‥ッ！,What is he doing now!?,gs3_002.txt
さ、裁判長ッ！　すぐに閉廷を！,Y-Your Honor!! You've got to stop the trial!!,gs3_002.txt
なるほどくん！　なるほどくん！ おなか、イタくない？,Mr. Wright! Mr. Wright! Are you feeling OK!? Does your stomach hurt!?,gs3_002.txt
あなたが食べたペンダントには、 猛毒が‥‥！,That bottle you swallowed may have had some poison left in it!,gs3_002.txt
ふ‥‥うふふふふふふふふふ‥‥,"Ehee hee... Hee, hee, hee, hee, hee...",gs3_002.txt
どうやら‥‥身をもって、 証明してくれたようですなあ。,It seems the defendant has proven the prosecution's case for us.,gs3_002.txt
あのペンダントには、 毒など入っていなかった‥‥と。,Clearly that bottle did not contain a deadly poison!,gs3_002.txt
な‥‥なんですって！,H-How can you be so sure!?,gs3_002.txt
ジジツ‥‥、,"Hee, hee, hee... I think that's obvious...",gs3_002.txt
‥‥こうして被告人は おめおめと生きている。,"As you can see, the defendant is still very much alive.",gs3_002.txt
毒‥‥？　どうやら、新米弁護士の 妄想だったようですなあ‥‥,As for the poison? More like a fledgling defense attorney's overactive imagination!,gs3_002.txt
ふ‥‥ふむう‥‥,Hmm... So it would seem.,gs3_002.txt
そ‥‥そんなハズ、ありません！,No! There must be some mistake!,gs3_002.txt
あのペンダントには、もう毒液は 入っていなかった！,The bottle must not have had any poison left in it!,gs3_002.txt
薬品の毒性が、すでに 消えてしまったと考えれば‥‥,Either that or the poison must have lost its potency...,gs3_002.txt
はあ‥‥。いいですかな、 新米弁護士さん。,"There, there... It's alright, rookie.",gs3_002.txt
“被告人を信頼する”‥‥ それは、タイヘンよいことです。,Trusting your client is the most noble thing a defense attorney can do.,gs3_002.txt
あなたはこれまで、つねに 成歩堂くんを信頼してきた。,And it's heartwarming to see that you placed this much faith in Mr. Wright.,gs3_002.txt
‥‥‥‥‥‥！,,gs3_002.txt
しかし！　それは、ワレワレも 同じコトなのです！,"But that's how it is for us on the prosecution side, too!",gs3_002.txt
私は‥‥証人・美柳　ちなみさんを イノチをかけて信頼している！,"For example, I would trust the witness, Ms. Hawthorne, with my very life!",gs3_002.txt
‥‥あなたのスイリは、 まちがっていたのですよ！,Which is why I can state that your assessment of her is completely wrong!,gs3_002.txt
そこまでッ！,That's enough!,gs3_002.txt
ザンネンながら‥‥弁護人。 あなたの主張は、認められません。,"Unfortunately, Ms. Fey, I cannot accept your explanation of the events.",gs3_002.txt
ど、どうしてですか‥‥！,B-But why!?,gs3_002.txt
新米のあなたには わからないかもしれませんが‥‥,This may be impossible for a beginner like you to understand...,gs3_002.txt
法廷では、証拠品が すべてだからです。,"...but in a court of law, evidence is everything.",gs3_002.txt
うう‥‥ッ！,Unngggh!,gs3_002.txt
（こ、ここまできて‥‥ 逃げられてしまうの‥‥？）,"(Even though I've proven so much, is she going to get away with everything...?)",gs3_002.txt
それでは、美柳　ちなみさんの 容疑も晴れたことですので、,"Well, now that the suspicion surrounding Ms. Hawthorne has been cleared up...",gs3_002.txt
審理をつづけたいと‥‥,I would like to proceed with the trial.,gs3_002.txt
な‥‥ M...,,gs3_002.txt
なるほどくん！,Mr. Wright!,gs3_002.txt
ゴメン、千尋さん。 ボク、忘れてました。,"I'm sorry, Miss Fey. It totally slipped my mind.",gs3_002.txt
‥‥こんなボクのコト‥‥,"I'm really, really sorry...",gs3_002.txt
千尋さんは、ホントに 信じてくれていたんですよね。,"I know you believed in me, and I feel like I really let you down.",gs3_002.txt
なるほどくん‥‥,Mr. Wright... What are you trying to say?,gs3_002.txt
じつは、ぼく‥‥ 言ってなかったことがあるんです。,Um... There's something I forgot to tell you.,gs3_002.txt
な‥‥なんですって‥‥！,What is it!?,gs3_002.txt
あの日‥‥アイツ‥‥ 呑田　菊三と会ったとき‥‥,That day... The day I met Doug Swallow...,gs3_002.txt
‥‥彼女とは、 もう会わないほうがいい。,That girl... You shouldn't see her anymore.,gs3_002.txt
そんなコト、 きみに言われたくないよ！,Hey! It's none of your business!,gs3_002.txt
‥‥アンタのためなんだ。 きっと、よくないことが起こる。,"I'm telling you for your sake. If you continue to see her, it's going to be bad news.",gs3_002.txt
う、ウソだッ！,Y-You're lying!,gs3_002.txt
いいか、聞くんだ。 ‥‥あの女はなぁ‥‥‥‥‥‥‥‥,Just listen to me. There's something you need to know about that girl... ...,gs3_002.txt
ゆうべ、オレたちの実験室から 毒薬を盗みやがったのさ。,"Last night, someone stole some poison from our lab.",gs3_002.txt
ど‥‥ドクヤク‥‥？,P-Poison...?,gs3_002.txt
‥‥半年前にも、薬品のサンプルが なくなったことがあった‥‥,The same thing happened eight months ago. A drug sample was stolen.,gs3_002.txt
あのときも、実験室に アイツが来ていた。,"She came to the lab that time, too.",gs3_002.txt
盗んだの‥‥アイツしか 考えられないんだよ！,It could only have been her! That girl is a thief!,gs3_002.txt
‥‥やめてくれッ！,Stop it!,gs3_002.txt
彼女のコト‥‥ そんなふうに言うなッ！,D-Don't talk about her like that!,gs3_002.txt
‥‥ホントにそう言ったのね？ 呑田　菊三さんは‥‥。,Is it true? Did he really say that?,gs3_002.txt
ば‥‥バカな‥‥！,Th-That's ridiculous!,gs3_002.txt
それに‥‥あの日。 アイツをつきとばしたあと‥‥,There's one more thing... After I pushed him that day...,gs3_002.txt
シンパイになって、 あそこに戻ったら‥‥,I got worried and came back to have a look.,gs3_002.txt
現場に‥‥ ちいちゃんがいました。,And she was there... Dollie was right there.,gs3_002.txt
‥‥アイツのそばに しゃがみこんで‥‥,She was crouched down next to him...,gs3_002.txt
なんですって！,What!?,gs3_002.txt
そのコト‥‥“証言しないで”って ちいちゃんに言われてたから‥‥,"She told me not to ever tell anyone about it, but...",gs3_002.txt
‥‥ゴメンなさい！,"I'm sorry, Dollie!",gs3_002.txt
さ、裁判長！　こんな‥‥ 被告人の言うことなど‥‥,Y-Your Honor! This is... The defendant is...,gs3_002.txt
千尋さん！　教えてよ！,Miss Fey! You tell them!,gs3_002.txt
ちいちゃんは‥‥ちがうよね！ ハンニンなんかじゃ‥‥,D-Dollie didn't do it... Sh-She's innocent!,gs3_002.txt
（‥‥やはり、美柳　ちなみは 半年前にも、毒薬を盗んでいた）,"(So Dahlia stole poison eight months ago too, huh...)",gs3_002.txt
（そして、なるほどくんの 証言を考えれば‥‥）,(If you put that together with Mr. Wright's testimony...),gs3_002.txt
（コタエは、１つしかない！）,(...then there's only one possible conclusion!),gs3_002.txt
被告人の証言によると、 証人・美柳　ちなみは‥‥、,The defense believes that Ms. Dahlia Hawthorne...,gs3_002.txt
呑田　菊三さんが殺害される 前の晩に、毒薬を盗んでいます。,...stole some poison on the night before she killed Doug Swallow.,gs3_002.txt
事件の‥‥前の晩‥‥！,The night before...!?,gs3_002.txt
その目的は、モチロン‥‥ だれかを殺害するためです！,"Naturally, her motive for stealing it was to kill someone!",gs3_002.txt
‥‥千尋さん‥‥,Miss Fey...,gs3_002.txt
‥‥そこまで言うのなら‥‥ 弁護人にうかがいましょう。,"If you're so certain of your theory, then let me ask you this.",gs3_002.txt
（‥‥これが、最後のコタエ。 よく考えるの‥‥）,"(Mia, this is your last chance. Think carefully now...)",gs3_002.txt
（彼女には‥‥どうしても取り戻し たい“あるもの”があった‥‥）,(There's something that she desperately wanted to get back... Therefore...),gs3_002.txt
美柳　ちなみさんは、だれの 殺害を計画していたのですかッ！,Exactly who was Ms. Dahlia Hawthorne planning to kill?,gs3_002.txt
どういうつもりですかな、 弁護人‥‥,"Are you trying to mock this court, Ms. Fey?",gs3_002.txt
な、なんぢゃい！,Wh-What are you doing!?,gs3_002.txt
あんなに自信たっぷりに ヒトサシ指をつきつけておいて‥‥,You sounded so sure of yourself at first...,gs3_002.txt
まだ、事件の真相が見えて なかったのかいッ！,Now it turns out you have no idea what you're talking about!,gs3_002.txt
ご、ごぶさたしてるものですから。 法廷に立つの‥‥。,W-Well it's been a long time since I've been in court...,gs3_002.txt
アイサツがわりのペナルティです！ ‥‥ちゃんと考えるように！,"That will cost you, Ms. Fey! Now think more carefully!",gs3_002.txt
スミマセン‥‥。 （まちがいはユルされないわ！）,"I apologize, Your Honor... (No more mistakes, Mia!)",gs3_002.txt
ま、待つんぢゃ、千尋クン！ なぜ、呑田　菊三なのぢゃ？,"W-Wait a minute, Mia! Why would she want to kill Doug Swallow?",gs3_002.txt
呑田さんは、あのオンナの正体に 気づいてしまった！　だから‥‥,Because Doug Swallow had figured out what kind of a person she was! And so...,gs3_002.txt
いやいや。しかし、美柳　ちなみは それを知らなかったはずぢゃ。,"No, no! Well, that may be true, but Ms. Hawthorne had no way of knowing that.",gs3_002.txt
‥‥彼女にとって、本当に ジャマだったのはダレか？,"From her point of view, who was it that was really in her way?",gs3_002.txt
‥‥それを、よおく考えるんぢゃ。,THAT is the question you have to ask yourself.,gs3_002.txt
‥‥弁護人。,Ms. Fey.,gs3_002.txt
そろそろ、結論を 聞かせていただきたいですな。,I'm beginning to run out of patience with you. What is your answer?,gs3_002.txt
は、はい‥‥。 （まちがいはユルされないわ！）,"Y-Yes, Your Honor! (I can't mess up again!)",gs3_002.txt
そこまで！,That's enough!,gs3_002.txt
本法廷は、これ以上の審議の 必要性を認めません。,This court sees no reason to further prolong the trial.,gs3_002.txt
さらに、被告に対する判決を 決める時間も、必要としません。,Nor is there any need for more time to decide the case against the defendant.,gs3_002.txt
これは、きわめて明白な事件です。 疑問の余地はない！,This case is extremely clear. I see no room for mis- interpretation of the facts.,gs3_002.txt
被告人、成歩堂　龍一に たった今、判決を言いわたします！,"This court finds the defendant, Phoenix Wright...",gs3_002.txt
被告人はこれより身柄を 司直に預けるものとし、,The accused will surrender to the court immediately...,gs3_002.txt
１ヶ月以内に、高等裁判所において 通常裁判を受けることとします。,...to be held pending trial at a higher court within a month from today's date.,gs3_002.txt
では、本日はこれにて閉廷！,That is all. This court is adjourned!,gs3_002.txt
